0 verbose cli C:\Program Files\nodejs\node.exe C:\Program Files\nodejs\node_modules\npm\bin\npm-cli.js
1 info using npm@11.9.0
2 info using node@v24.14.0
3 silly config load:file:C:\Program Files\nodejs\node_modules\npm\npmrc
4 silly config load:file:D:\laragon\skripsi\Crowdfunding\Crowdfunding-Frontend\.npmrc
5 silly config load:file:C:\Users\adity\.npmrc
6 silly config load:file:C:\Users\adity\AppData\Roaming\npm\etc\npmrc
7 verbose title npm install @nuxtjs/tailwindcss
8 verbose argv "install" "--save-dev" "@nuxtjs/tailwindcss"
9 verbose logfile logs-max:10 dir:d:\laragon\skripsi\Crowdfunding\.npm-cache\_logs\2026-06-16T14_48_32_830Z-
10 verbose logfile d:\laragon\skripsi\Crowdfunding\.npm-cache\_logs\2026-06-16T14_48_32_830Z-debug-0.log
11 silly logfile done cleaning log files
12 silly packumentCache heap:2348810240 maxSize:587202560 maxEntrySize:293601280
13 verbose shrinkwrap failed to load node_modules/.package-lock.json out of date, updated: node_modules
14 silly idealTree buildDeps
15 silly fetch manifest @nuxtjs/tailwindcss@*
16 silly packumentCache full:https://registry.npmjs.org/@nuxtjs%2ftailwindcss cache-miss
17 http fetch GET 200 https://registry.npmjs.org/npm 1369ms
18 http fetch GET 200 https://registry.npmjs.org/@nuxtjs%2ftailwindcss 1709ms (cache miss)
19 silly packumentCache full:https://registry.npmjs.org/@nuxtjs%2ftailwindcss set size:undefined disposed:false
20 silly placeDep ROOT @nuxtjs/tailwindcss@6.14.0 OK for:  want: *
21 silly fetch manifest @nuxt/kit@^3.16.0
22 silly packumentCache full:https://registry.npmjs.org/@nuxt%2fkit cache-miss
23 silly fetch manifest tailwindcss@~3.4.17
24 silly packumentCache full:https://registry.npmjs.org/tailwindcss cache-miss
25 silly fetch manifest postcss-nesting@^13.0.1
26 silly packumentCache full:https://registry.npmjs.org/postcss-nesting cache-miss
27 silly fetch manifest tailwind-config-viewer@^2.0.4
28 silly packumentCache full:https://registry.npmjs.org/tailwind-config-viewer cache-miss
29 http fetch GET 200 https://registry.npmjs.org/tailwind-config-viewer 168ms (cache miss)
30 silly packumentCache full:https://registry.npmjs.org/tailwind-config-viewer set size:undefined disposed:false
31 http fetch GET 200 https://registry.npmjs.org/tailwindcss 279ms (cache miss)
32 silly packumentCache full:https://registry.npmjs.org/tailwindcss set size:undefined disposed:false
33 http fetch GET 200 https://registry.npmjs.org/postcss-nesting 396ms (cache miss)
34 silly packumentCache full:https://registry.npmjs.org/postcss-nesting set size:undefined disposed:false
35 http fetch GET 200 https://registry.npmjs.org/@nuxt%2fkit 2678ms (cache miss)
36 silly packumentCache full:https://registry.npmjs.org/@nuxt%2fkit set size:undefined disposed:false
37 silly fetch manifest commander@^13.1.0
38 silly packumentCache full:https://registry.npmjs.org/commander cache-miss
39 http fetch GET 200 https://registry.npmjs.org/commander 76ms (cache miss)
40 silly packumentCache full:https://registry.npmjs.org/commander set size:undefined disposed:false
41 silly placeDep ROOT commander@13.1.0 REPLACE for: @bomb.sh/tab@0.0.15 want: ^13.1.0
42 silly fetch manifest postcss@^8.5.3
43 silly packumentCache full:https://registry.npmjs.org/postcss cache-miss
44 http fetch GET 200 https://registry.npmjs.org/postcss 80ms (cache miss)
45 silly packumentCache full:https://registry.npmjs.org/postcss set size:undefined disposed:false
46 silly placeDep node_modules/@nuxtjs/tailwindcss @nuxt/kit@3.21.8 OK for: @nuxtjs/tailwindcss@6.14.0 want: ^3.16.0
47 silly placeDep ROOT postcss-nesting@13.0.2 OK for: @nuxtjs/tailwindcss@6.14.0 want: ^13.0.1
48 silly placeDep ROOT tailwind-config-viewer@2.0.4 OK for: @nuxtjs/tailwindcss@6.14.0 want: ^2.0.4
49 silly placeDep ROOT tailwindcss@3.4.19 OK for: tailwind-config-viewer@2.0.4 want: 1 || 2 || 2.0.1-compat || 3
50 silly fetch manifest @csstools/selector-specificity@^5.0.0
51 silly packumentCache full:https://registry.npmjs.org/@csstools%2fselector-specificity cache-miss
52 silly fetch manifest @csstools/selector-resolve-nested@^3.1.0
53 silly packumentCache full:https://registry.npmjs.org/@csstools%2fselector-resolve-nested cache-miss
54 silly fetch manifest @koa/router@^12.0.1
55 silly packumentCache full:https://registry.npmjs.org/@koa%2frouter cache-miss
56 silly fetch manifest commander@^6.0.0
57 silly packumentCache full:https://registry.npmjs.org/commander cache-miss
58 silly fetch manifest fs-extra@^9.0.1
59 silly packumentCache full:https://registry.npmjs.org/fs-extra cache-miss
60 silly fetch manifest koa@^2.14.2
61 silly packumentCache full:https://registry.npmjs.org/koa cache-miss
62 silly fetch manifest koa-static@^5.0.0
63 silly packumentCache full:https://registry.npmjs.org/koa-static cache-miss
64 silly fetch manifest open@^7.0.4
65 silly packumentCache full:https://registry.npmjs.org/open cache-miss
66 silly fetch manifest portfinder@^1.0.26
67 silly packumentCache full:https://registry.npmjs.org/portfinder cache-miss
68 silly fetch manifest replace-in-file@^6.1.0
69 silly packumentCache full:https://registry.npmjs.org/replace-in-file cache-miss
70 silly fetch manifest arg@^5.0.2
71 silly packumentCache full:https://registry.npmjs.org/arg cache-miss
72 http cache https://registry.npmjs.org/commander 20ms (cache hit)
73 silly packumentCache full:https://registry.npmjs.org/commander set size:353115 disposed:false
74 silly fetch manifest dlv@^1.1.3
75 silly packumentCache full:https://registry.npmjs.org/dlv cache-miss
76 http fetch GET 200 https://registry.npmjs.org/@csstools%2fselector-resolve-nested 103ms (cache miss)
77 silly packumentCache full:https://registry.npmjs.org/@csstools%2fselector-resolve-nested set size:undefined disposed:false
78 silly fetch manifest jiti@^1.21.7
79 silly packumentCache full:https://registry.npmjs.org/jiti cache-miss
80 http fetch GET 200 https://registry.npmjs.org/@csstools%2fselector-specificity 115ms (cache miss)
81 silly packumentCache full:https://registry.npmjs.org/@csstools%2fselector-specificity set size:undefined disposed:false
82 silly fetch manifest sucrase@^3.35.0
83 silly packumentCache full:https://registry.npmjs.org/sucrase cache-miss
84 http fetch GET 200 https://registry.npmjs.org/fs-extra 121ms (cache miss)
85 silly packumentCache full:https://registry.npmjs.org/fs-extra set size:undefined disposed:false
86 silly fetch manifest chokidar@^3.6.0
87 silly packumentCache full:https://registry.npmjs.org/chokidar cache-miss
88 http fetch GET 200 https://registry.npmjs.org/arg 155ms (cache miss)
89 silly packumentCache full:https://registry.npmjs.org/arg set size:undefined disposed:false
90 silly fetch manifest didyoumean@^1.2.2
91 silly packumentCache full:https://registry.npmjs.org/didyoumean cache-miss
92 http fetch GET 200 https://registry.npmjs.org/open 163ms (cache miss)
93 silly packumentCache full:https://registry.npmjs.org/open set size:undefined disposed:false
94 silly fetch manifest postcss-js@^4.0.1
95 silly packumentCache full:https://registry.npmjs.org/postcss-js cache-miss
96 http fetch GET 200 https://registry.npmjs.org/dlv 157ms (cache miss)
97 silly packumentCache full:https://registry.npmjs.org/dlv set size:undefined disposed:false
98 silly fetch manifest glob-parent@^6.0.2
99 silly packumentCache full:https://registry.npmjs.org/glob-parent cache-miss
100 http fetch GET 200 https://registry.npmjs.org/portfinder 182ms (cache miss)
101 silly packumentCache full:https://registry.npmjs.org/portfinder set size:undefined disposed:false
102 silly fetch manifest object-hash@^3.0.0
103 silly packumentCache full:https://registry.npmjs.org/object-hash cache-miss
104 http fetch GET 200 https://registry.npmjs.org/replace-in-file 187ms (cache miss)
105 silly packumentCache full:https://registry.npmjs.org/replace-in-file set size:undefined disposed:false
106 silly fetch manifest postcss-import@^15.1.0
107 silly packumentCache full:https://registry.npmjs.org/postcss-import cache-miss
108 http fetch GET 200 https://registry.npmjs.org/jiti 96ms (cache miss)
109 silly packumentCache full:https://registry.npmjs.org/jiti set size:undefined disposed:false
110 silly fetch manifest postcss-nested@^6.2.0
111 silly packumentCache full:https://registry.npmjs.org/postcss-nested cache-miss
112 http fetch GET 200 https://registry.npmjs.org/chokidar 87ms (cache miss)
113 silly packumentCache full:https://registry.npmjs.org/chokidar set size:undefined disposed:false
114 silly fetch manifest @alloc/quick-lru@^5.2.0
115 silly packumentCache full:https://registry.npmjs.org/@alloc%2fquick-lru cache-miss
116 http fetch GET 200 https://registry.npmjs.org/koa 215ms (cache miss)
117 silly packumentCache full:https://registry.npmjs.org/koa set size:undefined disposed:false
118 silly fetch manifest postcss-load-config@^4.0.2 || ^5.0 || ^6.0
119 silly packumentCache full:https://registry.npmjs.org/postcss-load-config cache-miss
120 http fetch GET 200 https://registry.npmjs.org/sucrase 115ms (cache miss)
121 silly packumentCache full:https://registry.npmjs.org/sucrase set size:undefined disposed:false
122 silly fetch manifest postcss-selector-parser@^6.1.2
123 silly packumentCache full:https://registry.npmjs.org/postcss-selector-parser cache-miss
124 http fetch GET 200 https://registry.npmjs.org/didyoumean 84ms (cache miss)
125 silly packumentCache full:https://registry.npmjs.org/didyoumean set size:undefined disposed:false
126 http fetch GET 200 https://registry.npmjs.org/glob-parent 63ms (cache miss)
127 silly packumentCache full:https://registry.npmjs.org/glob-parent set size:undefined disposed:false
128 http fetch GET 200 https://registry.npmjs.org/postcss-js 81ms (cache miss)
129 silly packumentCache full:https://registry.npmjs.org/postcss-js set size:undefined disposed:false
130 http fetch GET 200 https://registry.npmjs.org/postcss-import 70ms (cache miss)
131 silly packumentCache full:https://registry.npmjs.org/postcss-import set size:undefined disposed:false
132 http fetch GET 200 https://registry.npmjs.org/object-hash 80ms (cache miss)
133 silly packumentCache full:https://registry.npmjs.org/object-hash set size:undefined disposed:false
134 http fetch GET 200 https://registry.npmjs.org/@koa%2frouter 274ms (cache miss)
135 silly packumentCache full:https://registry.npmjs.org/@koa%2frouter set size:undefined disposed:false
136 http fetch GET 200 https://registry.npmjs.org/postcss-nested 72ms (cache miss)
137 silly packumentCache full:https://registry.npmjs.org/postcss-nested set size:undefined disposed:false
138 http fetch GET 200 https://registry.npmjs.org/postcss-load-config 60ms (cache miss)
139 silly packumentCache full:https://registry.npmjs.org/postcss-load-config set size:undefined disposed:false
140 http fetch GET 200 https://registry.npmjs.org/@alloc%2fquick-lru 87ms (cache miss)
141 silly packumentCache full:https://registry.npmjs.org/@alloc%2fquick-lru set size:undefined disposed:false
142 http fetch GET 200 https://registry.npmjs.org/postcss-selector-parser 72ms (cache miss)
143 silly packumentCache full:https://registry.npmjs.org/postcss-selector-parser set size:undefined disposed:false
144 http fetch GET 200 https://registry.npmjs.org/koa-static 746ms (cache miss)
145 silly packumentCache full:https://registry.npmjs.org/koa-static set size:undefined disposed:false
146 silly fetch manifest postcss-selector-parser@^7.0.0
147 silly packumentCache full:https://registry.npmjs.org/postcss-selector-parser cache-miss
148 http cache https://registry.npmjs.org/postcss-selector-parser 7ms (cache hit)
149 silly packumentCache full:https://registry.npmjs.org/postcss-selector-parser set size:193966 disposed:false
150 silly placeDep ROOT @csstools/selector-resolve-nested@3.1.0 OK for: postcss-nesting@13.0.2 want: ^3.1.0
151 silly placeDep ROOT @csstools/selector-specificity@5.0.0 OK for: postcss-nesting@13.0.2 want: ^5.0.0
152 silly fetch manifest commander@^11.1.0
153 silly packumentCache full:https://registry.npmjs.org/commander cache-hit
154 silly placeDep node_modules/svgo commander@11.1.0 OK for: svgo@4.0.1 want: ^11.1.0
155 silly placeDep ROOT @koa/router@12.0.2 OK for: tailwind-config-viewer@2.0.4 want: ^12.0.1
156 silly placeDep node_modules/tailwind-config-viewer commander@6.2.1 OK for: tailwind-config-viewer@2.0.4 want: ^6.0.0
157 silly placeDep ROOT fs-extra@9.1.0 OK for: tailwind-config-viewer@2.0.4 want: ^9.0.1
158 silly placeDep ROOT koa@2.16.4 OK for: tailwind-config-viewer@2.0.4 want: ^2.14.2
159 silly placeDep ROOT koa-static@5.0.0 OK for: tailwind-config-viewer@2.0.4 want: ^5.0.0
160 silly placeDep node_modules/tailwind-config-viewer open@7.4.2 OK for: tailwind-config-viewer@2.0.4 want: ^7.0.4
161 silly placeDep ROOT portfinder@1.0.38 OK for: tailwind-config-viewer@2.0.4 want: ^1.0.26
162 silly placeDep ROOT replace-in-file@6.3.5 OK for: tailwind-config-viewer@2.0.4 want: ^6.1.0
163 silly fetch manifest methods@^1.1.2
164 silly packumentCache full:https://registry.npmjs.org/methods cache-miss
165 silly fetch manifest koa-compose@^4.1.0
166 silly packumentCache full:https://registry.npmjs.org/koa-compose cache-miss
167 silly fetch manifest path-to-regexp@^6.3.0
168 silly packumentCache full:https://registry.npmjs.org/path-to-regexp cache-miss
169 silly fetch manifest jsonfile@^6.0.1
170 silly packumentCache full:https://registry.npmjs.org/jsonfile cache-miss
171 silly fetch manifest universalify@^2.0.0
172 silly packumentCache full:https://registry.npmjs.org/universalify cache-miss
173 silly fetch manifest at-least-node@^1.0.0
174 silly packumentCache full:https://registry.npmjs.org/at-least-node cache-miss
175 silly fetch manifest only@~0.0.2
176 silly packumentCache full:https://registry.npmjs.org/only cache-miss
177 silly fetch manifest vary@^1.1.2
178 silly packumentCache full:https://registry.npmjs.org/vary cache-miss
179 silly fetch manifest fresh@~0.5.2
180 silly packumentCache full:https://registry.npmjs.org/fresh cache-miss
181 silly fetch manifest accepts@^1.3.5
182 silly packumentCache full:https://registry.npmjs.org/accepts cache-miss
183 silly fetch manifest cookies@~0.9.0
184 silly packumentCache full:https://registry.npmjs.org/cookies cache-miss
185 http fetch GET 200 https://registry.npmjs.org/methods 54ms (cache miss)
186 silly packumentCache full:https://registry.npmjs.org/methods set size:undefined disposed:false
187 silly fetch manifest destroy@^1.0.4
188 silly packumentCache full:https://registry.npmjs.org/destroy cache-miss
189 http fetch GET 200 https://registry.npmjs.org/vary 63ms (cache miss)
190 silly packumentCache full:https://registry.npmjs.org/vary set size:undefined disposed:false
191 silly fetch manifest type-is@^1.6.16
192 silly packumentCache full:https://registry.npmjs.org/type-is cache-miss
193 http fetch GET 200 https://registry.npmjs.org/at-least-node 66ms (cache miss)
194 silly packumentCache full:https://registry.npmjs.org/at-least-node set size:undefined disposed:false
195 silly fetch manifest statuses@^1.5.0
196 silly packumentCache full:https://registry.npmjs.org/statuses cache-miss
197 http fetch GET 200 https://registry.npmjs.org/only 68ms (cache miss)
198 silly packumentCache full:https://registry.npmjs.org/only set size:undefined disposed:false
199 silly fetch manifest delegates@^1.0.0
200 silly packumentCache full:https://registry.npmjs.org/delegates cache-miss
201 http fetch GET 200 https://registry.npmjs.org/universalify 71ms (cache miss)
202 silly packumentCache full:https://registry.npmjs.org/universalify set size:undefined disposed:false
203 silly fetch manifest encodeurl@^1.0.2
204 silly packumentCache full:https://registry.npmjs.org/encodeurl cache-miss
205 http fetch GET 200 https://registry.npmjs.org/fresh 75ms (cache miss)
206 silly packumentCache full:https://registry.npmjs.org/fresh set size:undefined disposed:false
207 silly fetch manifest http-assert@^1.3.0
208 silly packumentCache full:https://registry.npmjs.org/http-assert cache-miss
209 http fetch GET 200 https://registry.npmjs.org/jsonfile 90ms (cache miss)
210 silly packumentCache full:https://registry.npmjs.org/jsonfile set size:undefined disposed:false
211 silly fetch manifest http-errors@^1.6.3
212 silly packumentCache full:https://registry.npmjs.org/http-errors cache-miss
213 http fetch GET 200 https://registry.npmjs.org/path-to-regexp 91ms (cache miss)
214 silly packumentCache full:https://registry.npmjs.org/path-to-regexp set size:undefined disposed:false
215 silly fetch manifest koa-compose@^4.1.0
216 silly packumentCache full:https://registry.npmjs.org/koa-compose cache-miss
217 http fetch GET 200 https://registry.npmjs.org/cookies 92ms (cache miss)
218 silly packumentCache full:https://registry.npmjs.org/cookies set size:undefined disposed:false
219 silly fetch manifest koa-convert@^2.0.0
220 silly packumentCache full:https://registry.npmjs.org/koa-convert cache-miss
221 http fetch GET 200 https://registry.npmjs.org/accepts 94ms (cache miss)
222 silly packumentCache full:https://registry.npmjs.org/accepts set size:undefined disposed:false
223 silly fetch manifest content-type@^1.0.4
224 silly packumentCache full:https://registry.npmjs.org/content-type cache-miss
225 http fetch GET 200 https://registry.npmjs.org/destroy 56ms (cache miss)
226 silly packumentCache full:https://registry.npmjs.org/destroy set size:undefined disposed:false
227 silly fetch manifest cache-content-type@^1.0.0
228 silly packumentCache full:https://registry.npmjs.org/cache-content-type cache-miss
229 http fetch GET 200 https://registry.npmjs.org/encodeurl 53ms (cache miss)
230 silly packumentCache full:https://registry.npmjs.org/encodeurl set size:undefined disposed:false
231 silly fetch manifest content-disposition@~0.5.2
232 silly packumentCache full:https://registry.npmjs.org/content-disposition cache-miss
233 http fetch GET 200 https://registry.npmjs.org/type-is 64ms (cache miss)
234 silly packumentCache full:https://registry.npmjs.org/type-is set size:undefined disposed:false
235 silly fetch manifest is-generator-function@^1.0.7
236 silly packumentCache full:https://registry.npmjs.org/is-generator-function cache-miss
237 http fetch GET 200 https://registry.npmjs.org/delegates 65ms (cache miss)
238 silly packumentCache full:https://registry.npmjs.org/delegates set size:undefined disposed:false
239 silly fetch manifest debug@^3.1.0
240 silly packumentCache full:https://registry.npmjs.org/debug cache-miss
241 http fetch GET 200 https://registry.npmjs.org/http-assert 62ms (cache miss)
242 silly packumentCache full:https://registry.npmjs.org/http-assert set size:undefined disposed:false
243 silly fetch manifest koa-send@^5.0.0
244 silly packumentCache full:https://registry.npmjs.org/koa-send cache-miss
245 http fetch GET 200 https://registry.npmjs.org/http-errors 59ms (cache miss)
246 silly packumentCache full:https://registry.npmjs.org/http-errors set size:undefined disposed:false
247 silly fetch manifest is-wsl@^2.1.1
248 silly packumentCache full:https://registry.npmjs.org/is-wsl cache-miss
249 http fetch GET 200 https://registry.npmjs.org/content-type 64ms (cache miss)
250 silly packumentCache full:https://registry.npmjs.org/content-type set size:undefined disposed:false
251 silly fetch manifest is-docker@^2.0.0
252 silly packumentCache full:https://registry.npmjs.org/is-docker cache-miss
253 http fetch GET 200 https://registry.npmjs.org/content-disposition 54ms (cache miss)
254 silly packumentCache full:https://registry.npmjs.org/content-disposition set size:undefined disposed:false
255 silly fetch manifest glob@^7.2.0
256 silly packumentCache full:https://registry.npmjs.org/glob cache-miss
257 http fetch GET 200 https://registry.npmjs.org/is-generator-function 59ms (cache miss)
258 silly packumentCache full:https://registry.npmjs.org/is-generator-function set size:undefined disposed:false
259 silly fetch manifest chalk@^4.1.2
260 silly packumentCache full:https://registry.npmjs.org/chalk cache-miss
261 http fetch GET 200 https://registry.npmjs.org/debug 68ms (cache miss)
262 silly packumentCache full:https://registry.npmjs.org/debug set size:undefined disposed:false
263 silly fetch manifest yargs@^17.2.1
264 silly packumentCache full:https://registry.npmjs.org/yargs cache-miss
265 http fetch GET 200 https://registry.npmjs.org/koa-send 69ms (cache miss)
266 silly packumentCache full:https://registry.npmjs.org/koa-send set size:undefined disposed:false
267 http fetch GET 200 https://registry.npmjs.org/is-wsl 63ms (cache miss)
268 silly packumentCache full:https://registry.npmjs.org/is-wsl set size:undefined disposed:false
269 http fetch GET 200 https://registry.npmjs.org/is-docker 68ms (cache miss)
270 silly packumentCache full:https://registry.npmjs.org/is-docker set size:undefined disposed:false
271 http fetch GET 200 https://registry.npmjs.org/koa-compose 235ms (cache miss)
272 silly packumentCache full:https://registry.npmjs.org/koa-compose set size:undefined disposed:false
273 http fetch GET 200 https://registry.npmjs.org/koa-compose 146ms (cache miss)
274 silly packumentCache full:https://registry.npmjs.org/koa-compose set size:undefined disposed:false
275 http fetch GET 200 https://registry.npmjs.org/chalk 67ms (cache miss)
276 silly packumentCache full:https://registry.npmjs.org/chalk set size:undefined disposed:false
277 http fetch GET 200 https://registry.npmjs.org/glob 81ms (cache miss)
278 silly packumentCache full:https://registry.npmjs.org/glob set size:undefined disposed:false
279 http fetch GET 200 https://registry.npmjs.org/yargs 95ms (cache miss)
280 silly packumentCache full:https://registry.npmjs.org/yargs set size:undefined disposed:false
281 http fetch GET 200 https://registry.npmjs.org/koa-convert 228ms (cache miss)
282 silly packumentCache full:https://registry.npmjs.org/koa-convert set size:undefined disposed:false
283 http fetch GET 200 https://registry.npmjs.org/statuses 272ms (cache miss)
284 silly packumentCache full:https://registry.npmjs.org/statuses set size:undefined disposed:false
285 http fetch GET 200 https://registry.npmjs.org/cache-content-type 949ms (cache miss)
286 silly packumentCache full:https://registry.npmjs.org/cache-content-type set size:undefined disposed:false
287 silly placeDep ROOT koa-compose@4.1.0 OK for: @koa/router@12.0.2 want: ^4.1.0
288 silly placeDep ROOT methods@1.1.2 OK for: @koa/router@12.0.2 want: ^1.1.2
289 silly placeDep ROOT path-to-regexp@6.3.0 OK for: @koa/router@12.0.2 want: ^6.3.0
290 silly placeDep ROOT at-least-node@1.0.0 OK for: fs-extra@9.1.0 want: ^1.0.0
291 silly placeDep ROOT jsonfile@6.2.1 OK for: fs-extra@9.1.0 want: ^6.0.1
292 silly placeDep ROOT universalify@2.0.1 OK for: fs-extra@9.1.0 want: ^2.0.0
293 silly placeDep ROOT accepts@1.3.8 OK for: koa@2.16.4 want: ^1.3.5
294 silly placeDep ROOT cache-content-type@1.0.1 OK for: koa@2.16.4 want: ^1.0.0
295 silly placeDep ROOT content-disposition@0.5.4 OK for: koa@2.16.4 want: ~0.5.2
296 silly placeDep ROOT content-type@1.0.5 OK for: koa@2.16.4 want: ^1.0.4
297 silly placeDep ROOT cookies@0.9.1 OK for: koa@2.16.4 want: ~0.9.0
298 silly placeDep ROOT delegates@1.0.0 OK for: koa@2.16.4 want: ^1.0.0
299 silly placeDep ROOT destroy@1.2.0 OK for: koa@2.16.4 want: ^1.0.4
300 silly placeDep node_modules/koa encodeurl@1.0.2 OK for: koa@2.16.4 want: ^1.0.2
301 silly placeDep node_modules/koa fresh@0.5.2 OK for: koa@2.16.4 want: ~0.5.2
302 silly placeDep ROOT http-assert@1.5.0 OK for: koa@2.16.4 want: ^1.3.0
303 silly placeDep node_modules/koa http-errors@1.8.1 OK for: koa@2.16.4 want: ^1.6.3
304 silly placeDep ROOT is-generator-function@1.1.2 OK for: koa@2.16.4 want: ^1.0.7
305 silly placeDep ROOT koa-convert@2.0.0 OK for: koa@2.16.4 want: ^2.0.0
306 silly placeDep ROOT only@0.0.2 OK for: koa@2.16.4 want: ~0.0.2
307 silly placeDep node_modules/koa statuses@1.5.0 OK for: koa@2.16.4 want: ^1.5.0
308 silly placeDep ROOT type-is@1.6.18 OK for: koa@2.16.4 want: ^1.6.16
309 silly placeDep ROOT vary@1.1.2 OK for: koa@2.16.4 want: ^1.1.2
310 silly fetch manifest mime-types@~2.1.34
311 silly packumentCache full:https://registry.npmjs.org/mime-types cache-miss
312 silly fetch manifest negotiator@0.6.3
313 silly packumentCache full:https://registry.npmjs.org/negotiator cache-miss
314 silly fetch manifest ylru@^1.2.0
315 silly packumentCache full:https://registry.npmjs.org/ylru cache-miss
316 silly fetch manifest mime-types@^2.1.18
317 silly packumentCache full:https://registry.npmjs.org/mime-types cache-miss
318 silly fetch manifest keygrip@~1.1.0
319 silly packumentCache full:https://registry.npmjs.org/keygrip cache-miss
320 silly fetch manifest deep-equal@~1.0.1
321 silly packumentCache full:https://registry.npmjs.org/deep-equal cache-miss
322 silly fetch manifest http-errors@~1.8.0
323 silly packumentCache full:https://registry.npmjs.org/http-errors cache-miss
324 silly fetch manifest depd@~1.1.2
325 silly packumentCache full:https://registry.npmjs.org/depd cache-miss
326 silly fetch manifest statuses@>= 1.5.0 < 2
327 silly packumentCache full:https://registry.npmjs.org/statuses cache-miss
328 silly fetch manifest call-bound@^1.0.4
329 silly packumentCache full:https://registry.npmjs.org/call-bound cache-miss
330 silly fetch manifest generator-function@^2.0.0
331 silly packumentCache full:https://registry.npmjs.org/generator-function cache-miss
332 http cache https://registry.npmjs.org/statuses 10ms (cache hit)
333 silly packumentCache full:https://registry.npmjs.org/statuses set size:37117 disposed:false
334 silly fetch manifest get-proto@^1.0.1
335 silly packumentCache full:https://registry.npmjs.org/get-proto cache-miss
336 http cache https://registry.npmjs.org/http-errors 12ms (cache hit)
337 silly packumentCache full:https://registry.npmjs.org/http-errors set size:71987 disposed:false
338 silly fetch manifest has-tostringtag@^1.0.2
339 silly packumentCache full:https://registry.npmjs.org/has-tostringtag cache-miss
340 http fetch GET 200 https://registry.npmjs.org/call-bound 59ms (cache miss)
341 silly packumentCache full:https://registry.npmjs.org/call-bound set size:undefined disposed:false
342 silly fetch manifest safe-regex-test@^1.1.0
343 silly packumentCache full:https://registry.npmjs.org/safe-regex-test cache-miss
344 http fetch GET 200 https://registry.npmjs.org/deep-equal 65ms (cache miss)
345 silly packumentCache full:https://registry.npmjs.org/deep-equal set size:undefined disposed:false
346 silly fetch manifest co@^4.6.0
347 silly packumentCache full:https://registry.npmjs.org/co cache-miss
348 http fetch GET 200 https://registry.npmjs.org/negotiator 72ms (cache miss)
349 silly packumentCache full:https://registry.npmjs.org/negotiator set size:undefined disposed:false
350 silly fetch manifest mime-types@~2.1.24
351 silly packumentCache full:https://registry.npmjs.org/mime-types cache-miss
352 http fetch GET 200 https://registry.npmjs.org/mime-types 75ms (cache miss)
353 silly packumentCache full:https://registry.npmjs.org/mime-types set size:undefined disposed:false
354 silly fetch manifest media-typer@0.3.0
355 silly packumentCache full:https://registry.npmjs.org/media-typer cache-miss
356 http fetch GET 200 https://registry.npmjs.org/depd 80ms (cache miss)
357 silly packumentCache full:https://registry.npmjs.org/depd set size:undefined disposed:false
358 http fetch GET 200 https://registry.npmjs.org/get-proto 72ms (cache miss)
359 silly packumentCache full:https://registry.npmjs.org/get-proto set size:undefined disposed:false
360 http fetch GET 200 https://registry.npmjs.org/generator-function 83ms (cache miss)
361 silly packumentCache full:https://registry.npmjs.org/generator-function set size:undefined disposed:false
362 http cache https://registry.npmjs.org/mime-types 15ms (cache hit)
363 silly packumentCache full:https://registry.npmjs.org/mime-types set size:139110 disposed:false
364 http fetch GET 200 https://registry.npmjs.org/has-tostringtag 75ms (cache miss)
365 silly packumentCache full:https://registry.npmjs.org/has-tostringtag set size:undefined disposed:false
366 http fetch GET 200 https://registry.npmjs.org/mime-types 91ms (cache miss)
367 silly packumentCache full:https://registry.npmjs.org/mime-types set size:undefined disposed:false
368 silly packumentCache full:https://registry.npmjs.org/mime-types dispose
369 http fetch GET 200 https://registry.npmjs.org/keygrip 92ms (cache miss)
370 silly packumentCache full:https://registry.npmjs.org/keygrip set size:undefined disposed:false
371 http fetch GET 200 https://registry.npmjs.org/safe-regex-test 55ms (cache miss)
372 silly packumentCache full:https://registry.npmjs.org/safe-regex-test set size:undefined disposed:false
373 http fetch GET 200 https://registry.npmjs.org/co 53ms (cache miss)
374 silly packumentCache full:https://registry.npmjs.org/co set size:undefined disposed:false
375 http fetch GET 200 https://registry.npmjs.org/media-typer 69ms (cache miss)
376 silly packumentCache full:https://registry.npmjs.org/media-typer set size:undefined disposed:false
377 http fetch GET 200 https://registry.npmjs.org/ylru 269ms (cache miss)
378 silly packumentCache full:https://registry.npmjs.org/ylru set size:undefined disposed:false
379 silly placeDep node_modules/accepts mime-types@2.1.35 OK for: accepts@1.3.8 want: ~2.1.34
380 silly placeDep ROOT negotiator@0.6.3 OK for: accepts@1.3.8 want: 0.6.3
381 silly fetch manifest mime-db@1.52.0
382 silly packumentCache full:https://registry.npmjs.org/mime-db cache-miss
383 http fetch GET 200 https://registry.npmjs.org/mime-db 61ms (cache miss)
384 silly packumentCache full:https://registry.npmjs.org/mime-db set size:undefined disposed:false
385 silly placeDep node_modules/cache-content-type mime-types@2.1.35 OK for: cache-content-type@1.0.1 want: ^2.1.18
386 silly placeDep ROOT ylru@1.4.0 OK for: cache-content-type@1.0.1 want: ^1.2.0
387 silly placeDep ROOT keygrip@1.1.0 OK for: cookies@0.9.1 want: ~1.1.0
388 silly fetch manifest tsscmp@1.0.6
389 silly packumentCache full:https://registry.npmjs.org/tsscmp cache-miss
390 http fetch GET 200 https://registry.npmjs.org/tsscmp 51ms (cache miss)
391 silly packumentCache full:https://registry.npmjs.org/tsscmp set size:undefined disposed:false
392 silly placeDep ROOT deep-equal@1.0.1 OK for: http-assert@1.5.0 want: ~1.0.1
393 silly placeDep node_modules/http-assert http-errors@1.8.1 OK for: http-assert@1.5.0 want: ~1.8.0
394 silly placeDep ROOT call-bound@1.0.4 OK for: is-generator-function@1.1.2 want: ^1.0.4
395 silly placeDep ROOT generator-function@2.0.1 OK for: is-generator-function@1.1.2 want: ^2.0.0
396 silly placeDep ROOT get-proto@1.0.1 OK for: is-generator-function@1.1.2 want: ^1.0.1
397 silly placeDep ROOT has-tostringtag@1.0.2 OK for: is-generator-function@1.1.2 want: ^1.0.2
398 silly placeDep ROOT safe-regex-test@1.1.0 OK for: is-generator-function@1.1.2 want: ^1.1.0
399 silly fetch manifest call-bind-apply-helpers@^1.0.2
400 silly packumentCache full:https://registry.npmjs.org/call-bind-apply-helpers cache-miss
401 silly fetch manifest get-intrinsic@^1.3.0
402 silly packumentCache full:https://registry.npmjs.org/get-intrinsic cache-miss
403 silly fetch manifest dunder-proto@^1.0.1
404 silly packumentCache full:https://registry.npmjs.org/dunder-proto cache-miss
405 silly fetch manifest es-object-atoms@^1.0.0
406 silly packumentCache full:https://registry.npmjs.org/es-object-atoms cache-miss
407 silly fetch manifest has-symbols@^1.0.3
408 silly packumentCache full:https://registry.npmjs.org/has-symbols cache-miss
409 silly fetch manifest is-regex@^1.2.1
410 silly packumentCache full:https://registry.npmjs.org/is-regex cache-miss
411 http fetch GET 200 https://registry.npmjs.org/has-symbols 54ms (cache miss)
412 silly packumentCache full:https://registry.npmjs.org/has-symbols set size:undefined disposed:false
413 http fetch GET 200 https://registry.npmjs.org/es-object-atoms 57ms (cache miss)
414 silly packumentCache full:https://registry.npmjs.org/es-object-atoms set size:undefined disposed:false
415 http fetch GET 200 https://registry.npmjs.org/is-regex 62ms (cache miss)
416 silly packumentCache full:https://registry.npmjs.org/is-regex set size:undefined disposed:false
417 http fetch GET 200 https://registry.npmjs.org/dunder-proto 64ms (cache miss)
418 silly packumentCache full:https://registry.npmjs.org/dunder-proto set size:undefined disposed:false
419 http fetch GET 200 https://registry.npmjs.org/get-intrinsic 69ms (cache miss)
420 silly packumentCache full:https://registry.npmjs.org/get-intrinsic set size:undefined disposed:false
421 http fetch GET 200 https://registry.npmjs.org/call-bind-apply-helpers 114ms (cache miss)
422 silly packumentCache full:https://registry.npmjs.org/call-bind-apply-helpers set size:undefined disposed:false
423 silly placeDep ROOT call-bind-apply-helpers@1.0.2 OK for: call-bound@1.0.4 want: ^1.0.2
424 silly placeDep ROOT get-intrinsic@1.3.0 OK for: call-bound@1.0.4 want: ^1.3.0
425 silly fetch manifest gopd@^1.2.0
426 silly packumentCache full:https://registry.npmjs.org/gopd cache-miss
427 silly fetch manifest has-symbols@^1.1.0
428 silly packumentCache full:https://registry.npmjs.org/has-symbols cache-miss
429 silly fetch manifest es-object-atoms@^1.1.1
430 silly packumentCache full:https://registry.npmjs.org/es-object-atoms cache-miss
431 silly fetch manifest math-intrinsics@^1.1.0
432 silly packumentCache full:https://registry.npmjs.org/math-intrinsics cache-miss
433 silly fetch manifest es-define-property@^1.0.1
434 silly packumentCache full:https://registry.npmjs.org/es-define-property cache-miss
435 http cache https://registry.npmjs.org/has-symbols 5ms (cache hit)
436 silly packumentCache full:https://registry.npmjs.org/has-symbols set size:21550 disposed:false
437 http cache https://registry.npmjs.org/es-object-atoms 6ms (cache hit)
438 silly packumentCache full:https://registry.npmjs.org/es-object-atoms set size:18278 disposed:false
439 http fetch GET 200 https://registry.npmjs.org/gopd 48ms (cache miss)
440 silly packumentCache full:https://registry.npmjs.org/gopd set size:undefined disposed:false
441 http fetch GET 200 https://registry.npmjs.org/es-define-property 54ms (cache miss)
442 silly packumentCache full:https://registry.npmjs.org/es-define-property set size:undefined disposed:false
443 http fetch GET 200 https://registry.npmjs.org/math-intrinsics 56ms (cache miss)
444 silly packumentCache full:https://registry.npmjs.org/math-intrinsics set size:undefined disposed:false
445 silly placeDep ROOT es-define-property@1.0.1 OK for: get-intrinsic@1.3.0 want: ^1.0.1
446 silly placeDep ROOT es-object-atoms@1.1.2 OK for: get-intrinsic@1.3.0 want: ^1.1.1
447 silly placeDep ROOT gopd@1.2.0 OK for: get-intrinsic@1.3.0 want: ^1.2.0
448 silly placeDep ROOT has-symbols@1.1.0 OK for: get-intrinsic@1.3.0 want: ^1.1.0
449 silly placeDep ROOT math-intrinsics@1.1.0 OK for: get-intrinsic@1.3.0 want: ^1.1.0
450 silly placeDep ROOT dunder-proto@1.0.1 OK for: get-proto@1.0.1 want: ^1.0.1
451 silly placeDep ROOT tsscmp@1.0.6 OK for: keygrip@1.1.0 want: 1.0.6
452 silly placeDep ROOT co@4.6.0 OK for: koa-convert@2.0.0 want: ^4.6.0
453 silly placeDep node_modules/koa-static debug@3.2.7 OK for: koa-static@5.0.0 want: ^3.1.0
454 silly placeDep ROOT koa-send@5.0.1 OK for: koa-static@5.0.0 want: ^5.0.0
455 silly fetch manifest http-errors@^1.7.3
456 silly packumentCache full:https://registry.npmjs.org/http-errors cache-hit
457 silly fetch manifest resolve-path@^1.4.0
458 silly packumentCache full:https://registry.npmjs.org/resolve-path cache-miss
459 http fetch GET 200 https://registry.npmjs.org/resolve-path 54ms (cache miss)
460 silly packumentCache full:https://registry.npmjs.org/resolve-path set size:undefined disposed:false
461 silly placeDep node_modules/koa-send http-errors@1.8.1 OK for: koa-send@5.0.1 want: ^1.7.3
462 silly placeDep ROOT resolve-path@1.4.0 OK for: koa-send@5.0.1 want: ^1.4.0
463 silly fetch manifest http-errors@~1.6.2
464 silly packumentCache full:https://registry.npmjs.org/http-errors cache-hit
465 silly fetch manifest path-is-absolute@1.0.1
466 silly packumentCache full:https://registry.npmjs.org/path-is-absolute cache-miss
467 http fetch GET 200 https://registry.npmjs.org/path-is-absolute 55ms (cache miss)
468 silly packumentCache full:https://registry.npmjs.org/path-is-absolute set size:undefined disposed:false
469 silly placeDep ROOT chalk@4.1.2 OK for: replace-in-file@6.3.5 want: ^4.1.2
470 silly placeDep node_modules/replace-in-file glob@7.2.3 OK for: replace-in-file@6.3.5 want: ^7.2.0
471 silly placeDep node_modules/replace-in-file yargs@17.7.2 OK for: replace-in-file@6.3.5 want: ^17.2.1
472 silly fetch manifest ansi-styles@^4.1.0
473 silly packumentCache full:https://registry.npmjs.org/ansi-styles cache-miss
474 silly fetch manifest supports-color@^7.1.0
475 silly packumentCache full:https://registry.npmjs.org/supports-color cache-miss
476 silly fetch manifest once@^1.3.0
477 silly packumentCache full:https://registry.npmjs.org/once cache-miss
478 silly fetch manifest inflight@^1.0.4
479 silly packumentCache full:https://registry.npmjs.org/inflight cache-miss
480 silly fetch manifest minimatch@^3.1.1
481 silly packumentCache full:https://registry.npmjs.org/minimatch cache-miss
482 silly fetch manifest fs.realpath@^1.0.0
483 silly packumentCache full:https://registry.npmjs.org/fs.realpath cache-miss
484 silly fetch manifest path-is-absolute@^1.0.0
485 silly packumentCache full:https://registry.npmjs.org/path-is-absolute cache-miss
486 silly fetch manifest cliui@^8.0.1
487 silly packumentCache full:https://registry.npmjs.org/cliui cache-miss
488 silly fetch manifest string-width@^4.2.3
489 silly packumentCache full:https://registry.npmjs.org/string-width cache-miss
490 silly fetch manifest yargs-parser@^21.1.1
491 silly packumentCache full:https://registry.npmjs.org/yargs-parser cache-miss
492 silly fetch manifest require-directory@^2.1.1
493 silly packumentCache full:https://registry.npmjs.org/require-directory cache-miss
494 http cache https://registry.npmjs.org/path-is-absolute 8ms (cache hit)
495 silly packumentCache full:https://registry.npmjs.org/path-is-absolute set size:8253 disposed:false
496 http fetch GET 200 https://registry.npmjs.org/require-directory 59ms (cache miss)
497 silly packumentCache full:https://registry.npmjs.org/require-directory set size:undefined disposed:false
498 http fetch GET 200 https://registry.npmjs.org/once 66ms (cache miss)
499 silly packumentCache full:https://registry.npmjs.org/once set size:undefined disposed:false
500 http fetch GET 200 https://registry.npmjs.org/inflight 67ms (cache miss)
501 silly packumentCache full:https://registry.npmjs.org/inflight set size:undefined disposed:false
502 http fetch GET 200 https://registry.npmjs.org/string-width 67ms (cache miss)
503 silly packumentCache full:https://registry.npmjs.org/string-width set size:undefined disposed:false
504 http fetch GET 200 https://registry.npmjs.org/fs.realpath 73ms (cache miss)
505 silly packumentCache full:https://registry.npmjs.org/fs.realpath set size:undefined disposed:false
506 http fetch GET 200 https://registry.npmjs.org/ansi-styles 77ms (cache miss)
507 silly packumentCache full:https://registry.npmjs.org/ansi-styles set size:undefined disposed:false
508 http fetch GET 200 https://registry.npmjs.org/yargs-parser 78ms (cache miss)
509 silly packumentCache full:https://registry.npmjs.org/yargs-parser set size:undefined disposed:false
510 http fetch GET 200 https://registry.npmjs.org/supports-color 91ms (cache miss)
511 silly packumentCache full:https://registry.npmjs.org/supports-color set size:undefined disposed:false
512 http fetch GET 200 https://registry.npmjs.org/cliui 107ms (cache miss)
513 silly packumentCache full:https://registry.npmjs.org/cliui set size:undefined disposed:false
514 http fetch GET 200 https://registry.npmjs.org/minimatch 125ms (cache miss)
515 silly packumentCache full:https://registry.npmjs.org/minimatch set size:undefined disposed:false
516 silly placeDep node_modules/chalk ansi-styles@4.3.0 OK for: chalk@4.1.2 want: ^4.1.0
517 silly placeDep node_modules/chalk supports-color@7.2.0 OK for: chalk@4.1.2 want: ^7.1.0
518 silly fetch manifest has-flag@^4.0.0
519 silly packumentCache full:https://registry.npmjs.org/has-flag cache-miss
520 http fetch GET 200 https://registry.npmjs.org/has-flag 53ms (cache miss)
521 silly packumentCache full:https://registry.npmjs.org/has-flag set size:undefined disposed:false
522 silly placeDep node_modules/resolve-path http-errors@1.6.3 OK for: resolve-path@1.4.0 want: ~1.6.2
523 silly placeDep ROOT path-is-absolute@1.0.1 OK for: resolve-path@1.4.0 want: 1.0.1
524 silly fetch manifest inherits@2.0.3
525 silly packumentCache full:https://registry.npmjs.org/inherits cache-miss
526 silly fetch manifest statuses@>= 1.4.0 < 2
527 silly packumentCache full:https://registry.npmjs.org/statuses cache-hit
528 silly fetch manifest setprototypeof@1.1.0
529 silly packumentCache full:https://registry.npmjs.org/setprototypeof cache-miss
530 http fetch GET 200 https://registry.npmjs.org/inherits 55ms (cache miss)
531 silly packumentCache full:https://registry.npmjs.org/inherits set size:undefined disposed:false
532 http fetch GET 200 https://registry.npmjs.org/setprototypeof 59ms (cache miss)
533 silly packumentCache full:https://registry.npmjs.org/setprototypeof set size:undefined disposed:false
534 silly placeDep ROOT is-regex@1.2.1 OK for: safe-regex-test@1.1.0 want: ^1.2.1
535 silly fetch manifest postcss@^8.4.47
536 silly packumentCache full:https://registry.npmjs.org/postcss cache-miss
537 http cache https://registry.npmjs.org/postcss 5ms (cache hit)
538 silly packumentCache full:https://registry.npmjs.org/postcss set size:723316 disposed:false
539 silly fetch manifest tsx@^4.8.1
540 silly packumentCache full:https://registry.npmjs.org/tsx cache-miss
541 http fetch GET 200 https://registry.npmjs.org/tsx 66ms (cache miss)
542 silly packumentCache full:https://registry.npmjs.org/tsx set size:undefined disposed:false
543 silly fetch manifest yaml@^2.4.2
544 silly packumentCache full:https://registry.npmjs.org/yaml cache-miss
545 http fetch GET 200 https://registry.npmjs.org/yaml 89ms (cache miss)
546 silly packumentCache full:https://registry.npmjs.org/yaml set size:undefined disposed:false
547 silly placeDep ROOT @alloc/quick-lru@5.2.0 OK for: tailwindcss@3.4.19 want: ^5.2.0
548 silly placeDep ROOT arg@5.0.2 OK for: tailwindcss@3.4.19 want: ^5.0.2
549 silly placeDep node_modules/tailwindcss chokidar@3.6.0 OK for: tailwindcss@3.4.19 want: ^3.6.0
550 silly placeDep ROOT didyoumean@1.2.2 OK for: tailwindcss@3.4.19 want: ^1.2.2
551 silly placeDep ROOT dlv@1.1.3 OK for: tailwindcss@3.4.19 want: ^1.1.3
552 silly placeDep node_modules/tailwindcss glob-parent@6.0.2 OK for: tailwindcss@3.4.19 want: ^6.0.2
553 silly placeDep node_modules/tailwindcss jiti@1.21.7 OK for: tailwindcss@3.4.19 want: ^1.21.7
554 silly placeDep ROOT object-hash@3.0.0 OK for: tailwindcss@3.4.19 want: ^3.0.0
555 silly placeDep ROOT postcss-import@15.1.0 OK for: tailwindcss@3.4.19 want: ^15.1.0
556 silly placeDep ROOT postcss-js@4.1.0 OK for: tailwindcss@3.4.19 want: ^4.0.1
557 silly placeDep ROOT postcss-load-config@6.0.1 OK for: tailwindcss@3.4.19 want: ^4.0.2 || ^5.0 || ^6.0
558 silly placeDep ROOT postcss-nested@6.2.0 OK for: tailwindcss@3.4.19 want: ^6.2.0
559 silly placeDep node_modules/tailwindcss postcss-selector-parser@6.1.4 OK for: tailwindcss@3.4.19 want: ^6.1.2
560 silly placeDep ROOT sucrase@3.35.1 OK for: tailwindcss@3.4.19 want: ^3.35.0
561 silly fetch manifest readdirp@~3.6.0
562 silly packumentCache full:https://registry.npmjs.org/readdirp cache-miss
563 silly fetch manifest is-binary-path@~2.1.0
564 silly packumentCache full:https://registry.npmjs.org/is-binary-path cache-miss
565 silly fetch manifest read-cache@^1.0.0
566 silly packumentCache full:https://registry.npmjs.org/read-cache cache-miss
567 silly fetch manifest camelcase-css@^2.0.1
568 silly packumentCache full:https://registry.npmjs.org/camelcase-css cache-miss
569 silly fetch manifest postcss-selector-parser@^6.1.1
570 silly packumentCache full:https://registry.npmjs.org/postcss-selector-parser cache-hit
571 silly fetch manifest commander@^4.0.0
572 silly packumentCache full:https://registry.npmjs.org/commander cache-hit
573 silly fetch manifest lines-and-columns@^1.1.6
574 silly packumentCache full:https://registry.npmjs.org/lines-and-columns cache-miss
575 silly fetch manifest mz@^2.7.0
576 silly packumentCache full:https://registry.npmjs.org/mz cache-miss
577 silly fetch manifest pirates@^4.0.1
578 silly packumentCache full:https://registry.npmjs.org/pirates cache-miss
579 silly fetch manifest ts-interface-checker@^0.1.9
580 silly packumentCache full:https://registry.npmjs.org/ts-interface-checker cache-miss
581 http fetch GET 200 https://registry.npmjs.org/camelcase-css 57ms (cache miss)
582 silly packumentCache full:https://registry.npmjs.org/camelcase-css set size:undefined disposed:false
583 http fetch GET 200 https://registry.npmjs.org/lines-and-columns 59ms (cache miss)
584 silly packumentCache full:https://registry.npmjs.org/lines-and-columns set size:undefined disposed:false
585 http fetch GET 200 https://registry.npmjs.org/ts-interface-checker 64ms (cache miss)
586 silly packumentCache full:https://registry.npmjs.org/ts-interface-checker set size:undefined disposed:false
587 http fetch GET 200 https://registry.npmjs.org/mz 66ms (cache miss)
588 silly packumentCache full:https://registry.npmjs.org/mz set size:undefined disposed:false
589 http fetch GET 200 https://registry.npmjs.org/is-binary-path 71ms (cache miss)
590 silly packumentCache full:https://registry.npmjs.org/is-binary-path set size:undefined disposed:false
591 http fetch GET 200 https://registry.npmjs.org/pirates 70ms (cache miss)
592 silly packumentCache full:https://registry.npmjs.org/pirates set size:undefined disposed:false
593 http fetch GET 200 https://registry.npmjs.org/readdirp 73ms (cache miss)
594 silly packumentCache full:https://registry.npmjs.org/readdirp set size:undefined disposed:false
595 http fetch GET 200 https://registry.npmjs.org/read-cache 79ms (cache miss)
596 silly packumentCache full:https://registry.npmjs.org/read-cache set size:undefined disposed:false
597 silly placeDep ROOT read-cache@1.0.0 OK for: postcss-import@15.1.0 want: ^1.0.0
598 silly fetch manifest pify@^2.3.0
599 silly packumentCache full:https://registry.npmjs.org/pify cache-miss
600 http fetch GET 200 https://registry.npmjs.org/pify 56ms (cache miss)
601 silly packumentCache full:https://registry.npmjs.org/pify set size:undefined disposed:false
602 silly placeDep ROOT camelcase-css@2.0.1 OK for: postcss-js@4.1.0 want: ^2.0.1
603 silly placeDep node_modules/postcss-nested postcss-selector-parser@6.1.4 OK for: postcss-nested@6.2.0 want: ^6.1.1
604 silly placeDep ROOT pify@2.3.0 OK for: read-cache@1.0.0 want: ^2.3.0
605 silly placeDep node_modules/sucrase commander@4.1.1 OK for: sucrase@3.35.1 want: ^4.0.0
606 silly placeDep ROOT lines-and-columns@1.2.4 OK for: sucrase@3.35.1 want: ^1.1.6
607 silly placeDep ROOT mz@2.7.0 OK for: sucrase@3.35.1 want: ^2.7.0
608 silly placeDep ROOT pirates@4.0.7 OK for: sucrase@3.35.1 want: ^4.0.1
609 silly placeDep ROOT ts-interface-checker@0.1.13 OK for: sucrase@3.35.1 want: ^0.1.9
610 silly fetch manifest any-promise@^1.0.0
611 silly packumentCache full:https://registry.npmjs.org/any-promise cache-miss
612 silly fetch manifest object-assign@^4.0.1
613 silly packumentCache full:https://registry.npmjs.org/object-assign cache-miss
614 silly fetch manifest thenify-all@^1.0.0
615 silly packumentCache full:https://registry.npmjs.org/thenify-all cache-miss
616 http fetch GET 200 https://registry.npmjs.org/any-promise 58ms (cache miss)
617 silly packumentCache full:https://registry.npmjs.org/any-promise set size:undefined disposed:false
618 http fetch GET 200 https://registry.npmjs.org/thenify-all 62ms (cache miss)
619 silly packumentCache full:https://registry.npmjs.org/thenify-all set size:undefined disposed:false
620 http fetch GET 200 https://registry.npmjs.org/object-assign 70ms (cache miss)
621 silly packumentCache full:https://registry.npmjs.org/object-assign set size:undefined disposed:false
622 silly placeDep ROOT any-promise@1.3.0 OK for: mz@2.7.0 want: ^1.0.0
623 silly placeDep ROOT object-assign@4.1.1 OK for: mz@2.7.0 want: ^4.0.1
624 silly placeDep ROOT thenify-all@1.6.0 OK for: mz@2.7.0 want: ^1.0.0
625 silly fetch manifest thenify@>= 3.1.0 < 4
626 silly packumentCache full:https://registry.npmjs.org/thenify cache-miss
627 http fetch GET 200 https://registry.npmjs.org/thenify 54ms (cache miss)
628 silly packumentCache full:https://registry.npmjs.org/thenify set size:undefined disposed:false
629 silly placeDep ROOT thenify@3.3.1 OK for: thenify-all@1.6.0 want: >= 3.1.0 < 4
630 silly placeDep ROOT media-typer@0.3.0 OK for: type-is@1.6.18 want: 0.3.0
631 silly placeDep node_modules/type-is mime-types@2.1.35 OK for: type-is@1.6.18 want: ~2.1.24
632 silly placeDep node_modules/accepts mime-db@1.52.0 OK for: mime-types@2.1.35 want: 1.52.0
633 silly placeDep node_modules/cache-content-type mime-db@1.52.0 OK for: mime-types@2.1.35 want: 1.52.0
634 silly placeDep ROOT has-flag@4.0.0 OK for: supports-color@7.2.0 want: ^4.0.0
635 silly placeDep node_modules/http-assert depd@1.1.2 OK for: http-errors@1.8.1 want: ~1.1.2
636 silly placeDep node_modules/http-assert statuses@1.5.0 OK for: http-errors@1.8.1 want: >= 1.5.0 < 2
637 silly placeDep node_modules/koa-send depd@1.1.2 OK for: http-errors@1.8.1 want: ~1.1.2
638 silly placeDep node_modules/koa-send statuses@1.5.0 OK for: http-errors@1.8.1 want: >= 1.5.0 < 2
639 silly placeDep node_modules/koa/node_modules/http-errors depd@1.1.2 OK for: http-errors@1.8.1 want: ~1.1.2
640 silly placeDep ROOT fs.realpath@1.0.0 OK for: glob@7.2.3 want: ^1.0.0
641 silly placeDep ROOT inflight@1.0.6 OK for: glob@7.2.3 want: ^1.0.4
642 silly placeDep node_modules/replace-in-file minimatch@3.1.5 OK for: glob@7.2.3 want: ^3.1.1
643 silly placeDep ROOT once@1.4.0 OK for: glob@7.2.3 want: ^1.3.0
644 silly fetch manifest wrappy@1
645 silly packumentCache full:https://registry.npmjs.org/wrappy cache-miss
646 silly fetch manifest brace-expansion@^1.1.7
647 silly packumentCache full:https://registry.npmjs.org/brace-expansion cache-miss
648 silly fetch manifest wrappy@1
649 silly packumentCache full:https://registry.npmjs.org/wrappy cache-miss
650 http fetch GET 200 https://registry.npmjs.org/wrappy 54ms (cache miss)
651 silly packumentCache full:https://registry.npmjs.org/wrappy set size:undefined disposed:false
652 http fetch GET 200 https://registry.npmjs.org/wrappy 56ms (cache miss)
653 silly packumentCache full:https://registry.npmjs.org/wrappy set size:undefined disposed:false
654 http fetch GET 200 https://registry.npmjs.org/brace-expansion 62ms (cache miss)
655 silly packumentCache full:https://registry.npmjs.org/brace-expansion set size:undefined disposed:false
656 silly placeDep ROOT wrappy@1.0.2 OK for: inflight@1.0.6 want: 1
657 silly placeDep node_modules/replace-in-file brace-expansion@1.1.15 OK for: minimatch@3.1.5 want: ^1.1.7
658 silly fetch manifest balanced-match@^1.0.0
659 silly packumentCache full:https://registry.npmjs.org/balanced-match cache-miss
660 silly fetch manifest concat-map@0.0.1
661 silly packumentCache full:https://registry.npmjs.org/concat-map cache-miss
662 http fetch GET 200 https://registry.npmjs.org/balanced-match 62ms (cache miss)
663 silly packumentCache full:https://registry.npmjs.org/balanced-match set size:undefined disposed:false
664 http fetch GET 200 https://registry.npmjs.org/concat-map 65ms (cache miss)
665 silly packumentCache full:https://registry.npmjs.org/concat-map set size:undefined disposed:false
666 silly placeDep node_modules/replace-in-file balanced-match@1.0.2 OK for: brace-expansion@1.1.15 want: ^1.0.0
667 silly placeDep ROOT concat-map@0.0.1 OK for: brace-expansion@1.1.15 want: 0.0.1
668 silly placeDep node_modules/replace-in-file cliui@8.0.1 OK for: yargs@17.7.2 want: ^8.0.1
669 silly placeDep ROOT require-directory@2.1.1 OK for: yargs@17.7.2 want: ^2.1.1
670 silly placeDep node_modules/replace-in-file string-width@4.2.3 OK for: yargs@17.7.2 want: ^4.2.3
671 silly placeDep node_modules/replace-in-file yargs-parser@21.1.1 OK for: yargs@17.7.2 want: ^21.1.1
672 silly fetch manifest wrap-ansi@^7.0.0
673 silly packumentCache full:https://registry.npmjs.org/wrap-ansi cache-miss
674 silly fetch manifest strip-ansi@^6.0.1
675 silly packumentCache full:https://registry.npmjs.org/strip-ansi cache-miss
676 silly fetch manifest string-width@^4.2.0
677 silly packumentCache full:https://registry.npmjs.org/string-width cache-miss
678 silly fetch manifest strip-ansi@^6.0.1
679 silly packumentCache full:https://registry.npmjs.org/strip-ansi cache-miss
680 silly fetch manifest emoji-regex@^8.0.0
681 silly packumentCache full:https://registry.npmjs.org/emoji-regex cache-miss
682 http cache https://registry.npmjs.org/string-width 6ms (cache hit)
683 silly packumentCache full:https://registry.npmjs.org/string-width set size:70381 disposed:false
684 http fetch GET 200 https://registry.npmjs.org/strip-ansi 54ms (cache miss)
685 silly packumentCache full:https://registry.npmjs.org/strip-ansi set size:undefined disposed:false
686 http fetch GET 200 https://registry.npmjs.org/wrap-ansi 58ms (cache miss)
687 silly packumentCache full:https://registry.npmjs.org/wrap-ansi set size:undefined disposed:false
688 http fetch GET 200 https://registry.npmjs.org/strip-ansi 70ms (cache miss)
689 silly packumentCache full:https://registry.npmjs.org/strip-ansi set size:undefined disposed:false
690 http fetch GET 200 https://registry.npmjs.org/emoji-regex 72ms (cache miss)
691 silly packumentCache full:https://registry.npmjs.org/emoji-regex set size:undefined disposed:false
692 silly placeDep node_modules/replace-in-file strip-ansi@6.0.1 OK for: cliui@8.0.1 want: ^6.0.1
693 silly placeDep node_modules/replace-in-file wrap-ansi@7.0.0 OK for: cliui@8.0.1 want: ^7.0.0
694 silly fetch manifest ansi-regex@^5.0.1
695 silly packumentCache full:https://registry.npmjs.org/ansi-regex cache-miss
696 silly fetch manifest ansi-styles@^4.0.0
697 silly packumentCache full:https://registry.npmjs.org/ansi-styles cache-miss
698 http cache https://registry.npmjs.org/ansi-styles 4ms (cache hit)
699 silly packumentCache full:https://registry.npmjs.org/ansi-styles set size:63233 disposed:false
700 http fetch GET 200 https://registry.npmjs.org/ansi-regex 65ms (cache miss)
701 silly packumentCache full:https://registry.npmjs.org/ansi-regex set size:undefined disposed:false
702 silly placeDep node_modules/replace-in-file emoji-regex@8.0.0 OK for: string-width@4.2.3 want: ^8.0.0
703 silly placeDep node_modules/replace-in-file ansi-regex@5.0.1 OK for: strip-ansi@6.0.1 want: ^5.0.1
704 silly placeDep node_modules/replace-in-file ansi-styles@4.3.0 OK for: wrap-ansi@7.0.0 want: ^4.0.0
705 silly placeDep node_modules/resolve-path depd@1.1.2 OK for: http-errors@1.6.3 want: ~1.1.2
706 silly placeDep node_modules/resolve-path inherits@2.0.3 OK for: http-errors@1.6.3 want: 2.0.3
707 silly placeDep node_modules/resolve-path setprototypeof@1.1.0 OK for: http-errors@1.6.3 want: 1.1.0
708 silly placeDep node_modules/resolve-path statuses@1.5.0 OK for: http-errors@1.6.3 want: >= 1.4.0 < 2
709 silly placeDep node_modules/tailwind-config-viewer is-docker@2.2.1 OK for: open@7.4.2 want: ^2.0.0
710 silly placeDep node_modules/tailwind-config-viewer is-wsl@2.2.0 OK for: open@7.4.2 want: ^2.1.1
711 silly fetch manifest glob-parent@~5.1.2
712 silly packumentCache full:https://registry.npmjs.org/glob-parent cache-miss
713 http cache https://registry.npmjs.org/glob-parent 4ms (cache hit)
714 silly packumentCache full:https://registry.npmjs.org/glob-parent set size:42445 disposed:false
715 silly placeDep node_modules/tailwindcss/node_modules/chokidar glob-parent@5.1.2 OK for: chokidar@3.6.0 want: ~5.1.2
716 silly placeDep ROOT is-binary-path@2.1.0 OK for: chokidar@3.6.0 want: ~2.1.0
717 silly placeDep node_modules/tailwindcss readdirp@3.6.0 OK for: chokidar@3.6.0 want: ~3.6.0
718 silly fetch manifest binary-extensions@^2.0.0
719 silly packumentCache full:https://registry.npmjs.org/binary-extensions cache-miss
720 silly fetch manifest picomatch@^2.2.1
721 silly packumentCache full:https://registry.npmjs.org/picomatch cache-miss
722 http fetch GET 200 https://registry.npmjs.org/picomatch 55ms (cache miss)
723 silly packumentCache full:https://registry.npmjs.org/picomatch set size:undefined disposed:false
724 http fetch GET 200 https://registry.npmjs.org/binary-extensions 62ms (cache miss)
725 silly packumentCache full:https://registry.npmjs.org/binary-extensions set size:undefined disposed:false
726 silly placeDep ROOT binary-extensions@2.3.0 OK for: is-binary-path@2.1.0 want: ^2.0.0
727 silly placeDep node_modules/tailwindcss picomatch@2.3.2 OK for: readdirp@3.6.0 want: ^2.2.1
728 silly placeDep node_modules/type-is mime-db@1.52.0 OK for: mime-types@2.1.35 want: 1.52.0
729 silly reify mark retired [
729 silly reify   'D:\\laragon\\skripsi\\Crowdfunding\\Crowdfunding-Frontend\\node_modules\\commander'
729 silly reify ]
730 silly reify moves {
730 silly reify   'D:\\laragon\\skripsi\\Crowdfunding\\Crowdfunding-Frontend\\node_modules\\commander': 'D:\\laragon\\skripsi\\Crowdfunding\\Crowdfunding-Frontend\\node_modules\\.commander-ngRCh7H7'
730 silly reify }
731 silly audit bulk request {
731 silly audit   '@babel/code-frame': [ '7.29.7' ],
731 silly audit   '@babel/compat-data': [ '7.29.7' ],
731 silly audit   '@babel/core': [ '7.29.7' ],
731 silly audit   semver: [ '6.3.1', '7.8.4' ],
731 silly audit   '@babel/generator': [ '7.29.7', '8.0.0' ],
731 silly audit   '@babel/helper-annotate-as-pure': [ '7.29.7' ],
731 silly audit   '@babel/helper-compilation-targets': [ '7.29.7' ],
731 silly audit   '@babel/helper-create-class-features-plugin': [ '7.29.7' ],
731 silly audit   '@babel/helper-globals': [ '7.29.7' ],
731 silly audit   '@babel/helper-member-expression-to-functions': [ '7.29.7' ],
731 silly audit   '@babel/helper-module-imports': [ '7.29.7' ],
731 silly audit   '@babel/helper-module-transforms': [ '7.29.7' ],
731 silly audit   '@babel/helper-optimise-call-expression': [ '7.29.7' ],
731 silly audit   '@babel/helper-plugin-utils': [ '7.29.7' ],
731 silly audit   '@babel/helper-replace-supers': [ '7.29.7' ],
731 silly audit   '@babel/helper-skip-transparent-expression-wrappers': [ '7.29.7' ],
731 silly audit   '@babel/helper-string-parser': [ '7.29.7', '8.0.0' ],
731 silly audit   '@babel/helper-validator-identifier': [ '7.29.7', '8.0.0' ],
731 silly audit   '@babel/helper-validator-option': [ '7.29.7' ],
731 silly audit   '@babel/helpers': [ '7.29.7' ],
731 silly audit   '@babel/parser': [ '7.29.7', '8.0.0' ],
731 silly audit   '@babel/plugin-syntax-jsx': [ '7.29.7' ],
731 silly audit   '@babel/plugin-syntax-typescript': [ '7.29.7' ],
731 silly audit   '@babel/plugin-transform-typescript': [ '7.29.7' ],
731 silly audit   '@babel/template': [ '7.29.7' ],
731 silly audit   '@babel/traverse': [ '7.29.7' ],
731 silly audit   '@babel/types': [ '7.29.7', '8.0.0' ],
731 silly audit   '@bomb.sh/tab': [ '0.0.15' ],
731 silly audit   '@clack/core': [ '1.4.1' ],
731 silly audit   '@clack/prompts': [ '1.5.1' ],
731 silly audit   '@cloudflare/kv-asset-handler': [ '0.4.2' ],
731 silly audit   '@colordx/core': [ '5.4.3' ],
731 silly audit   '@dxup/nuxt': [ '0.4.1' ],
731 silly audit   '@dxup/unimport': [ '0.1.2' ],
731 silly audit   '@emnapi/core': [ '1.10.0' ],
731 silly audit   '@emnapi/runtime': [ '1.10.0' ],
731 silly audit   '@emnapi/wasi-threads': [ '1.2.1' ],
731 silly audit   '@esbuild/aix-ppc64': [ '0.28.1', '0.27.7' ],
731 silly audit   '@esbuild/android-arm': [ '0.28.1', '0.27.7' ],
731 silly audit   '@esbuild/android-arm64': [ '0.28.1', '0.27.7' ],
731 silly audit   '@esbuild/android-x64': [ '0.28.1', '0.27.7' ],
731 silly audit   '@esbuild/darwin-arm64': [ '0.28.1', '0.27.7' ],
731 silly audit   '@esbuild/darwin-x64': [ '0.28.1', '0.27.7' ],
731 silly audit   '@esbuild/freebsd-arm64': [ '0.28.1', '0.27.7' ],
731 silly audit   '@esbuild/freebsd-x64': [ '0.28.1', '0.27.7' ],
731 silly audit   '@esbuild/linux-arm': [ '0.28.1', '0.27.7' ],
731 silly audit   '@esbuild/linux-arm64': [ '0.28.1', '0.27.7' ],
731 silly audit   '@esbuild/linux-ia32': [ '0.28.1', '0.27.7' ],
731 silly audit   '@esbuild/linux-loong64': [ '0.28.1', '0.27.7' ],
731 silly audit   '@esbuild/linux-mips64el': [ '0.28.1', '0.27.7' ],
731 silly audit   '@esbuild/linux-ppc64': [ '0.28.1', '0.27.7' ],
731 silly audit   '@esbuild/linux-riscv64': [ '0.28.1', '0.27.7' ],
731 silly audit   '@esbuild/linux-s390x': [ '0.28.1', '0.27.7' ],
731 silly audit   '@esbuild/linux-x64': [ '0.28.1', '0.27.7' ],
731 silly audit   '@esbuild/netbsd-arm64': [ '0.28.1', '0.27.7' ],
731 silly audit   '@esbuild/netbsd-x64': [ '0.28.1', '0.27.7' ],
731 silly audit   '@esbuild/openbsd-arm64': [ '0.28.1', '0.27.7' ],
731 silly audit   '@esbuild/openbsd-x64': [ '0.28.1', '0.27.7' ],
731 silly audit   '@esbuild/openharmony-arm64': [ '0.28.1', '0.27.7' ],
731 silly audit   '@esbuild/sunos-x64': [ '0.28.1', '0.27.7' ],
731 silly audit   '@esbuild/win32-arm64': [ '0.28.1', '0.27.7' ],
731 silly audit   '@esbuild/win32-ia32': [ '0.28.1', '0.27.7' ],
731 silly audit   '@esbuild/win32-x64': [ '0.28.1', '0.27.7' ],
731 silly audit   '@ioredis/commands': [ '1.10.0' ],
731 silly audit   '@isaacs/cliui': [ '8.0.2' ],
731 silly audit   'emoji-regex': [ '9.2.2', '10.6.0', '8.0.0' ],
731 silly audit   'string-width': [ '5.1.2', '7.2.0', '4.2.3' ],
731 silly audit   'wrap-ansi': [ '8.1.0', '9.0.2', '7.0.0' ],
731 silly audit   '@isaacs/fs-minipass': [ '4.0.1' ],
731 silly audit   '@jridgewell/gen-mapping': [ '0.3.13' ],
731 silly audit   '@jridgewell/remapping': [ '2.3.5' ],
731 silly audit   '@jridgewell/resolve-uri': [ '3.1.2' ],
731 silly audit   '@jridgewell/source-map': [ '0.3.11' ],
731 silly audit   '@jridgewell/sourcemap-codec': [ '1.5.5' ],
731 silly audit   '@jridgewell/trace-mapping': [ '0.3.31' ],
731 silly audit   '@kwsites/file-exists': [ '1.1.1' ],
731 silly audit   '@kwsites/promise-deferred': [ '1.1.1' ],
731 silly audit   '@mapbox/node-pre-gyp': [ '2.0.3' ],
731 silly audit   '@napi-rs/wasm-runtime': [ '1.1.5' ],
731 silly audit   '@nodelib/fs.scandir': [ '2.1.5' ],
731 silly audit   '@nodelib/fs.stat': [ '2.0.5' ],
731 silly audit   '@nodelib/fs.walk': [ '1.2.8' ],
731 silly audit   '@nuxt/cli': [ '3.35.2' ],
731 silly audit   '@nuxt/devalue': [ '2.0.2' ],
731 silly audit   '@nuxt/devtools': [ '3.2.4' ],
731 silly audit   '@nuxt/devtools-kit': [ '3.2.4' ],
731 silly audit   '@nuxt/devtools-wizard': [ '3.2.4' ],
731 silly audit   '@nuxt/kit': [ '4.4.8', '3.21.8' ],
731 silly audit   '@nuxt/nitro-server': [ '4.4.8' ],
731 silly audit   '@nuxt/schema': [ '4.4.8' ],
731 silly audit   '@nuxt/telemetry': [ '2.8.0' ],
731 silly audit   ofetch: [ '2.0.0-alpha.3', '1.5.1' ],
731 silly audit   '@nuxt/vite-builder': [ '4.4.8' ],
731 silly audit   esbuild: [ '0.27.7', '0.28.1' ],
731 silly audit   vite: [ '7.3.5', '8.0.16' ],
731 silly audit   '@oxc-minify/binding-android-arm-eabi': [ '0.133.0' ],
731 silly audit   '@oxc-minify/binding-android-arm64': [ '0.133.0' ],
731 silly audit   '@oxc-minify/binding-darwin-arm64': [ '0.133.0' ],
731 silly audit   '@oxc-minify/binding-darwin-x64': [ '0.133.0' ],
731 silly audit   '@oxc-minify/binding-freebsd-x64': [ '0.133.0' ],
731 silly audit   '@oxc-minify/binding-linux-arm-gnueabihf': [ '0.133.0' ],
731 silly audit   '@oxc-minify/binding-linux-arm-musleabihf': [ '0.133.0' ],
731 silly audit   '@oxc-minify/binding-linux-arm64-gnu': [ '0.133.0' ],
731 silly audit   '@oxc-minify/binding-linux-arm64-musl': [ '0.133.0' ],
731 silly audit   '@oxc-minify/binding-linux-ppc64-gnu': [ '0.133.0' ],
731 silly audit   '@oxc-minify/binding-linux-riscv64-gnu': [ '0.133.0' ],
731 silly audit   '@oxc-minify/binding-linux-riscv64-musl': [ '0.133.0' ],
731 silly audit   '@oxc-minify/binding-linux-s390x-gnu': [ '0.133.0' ],
731 silly audit   '@oxc-minify/binding-linux-x64-gnu': [ '0.133.0' ],
731 silly audit   '@oxc-minify/binding-linux-x64-musl': [ '0.133.0' ],
731 silly audit   '@oxc-minify/binding-openharmony-arm64': [ '0.133.0' ],
731 silly audit   '@oxc-minify/binding-wasm32-wasi': [ '0.133.0' ],
731 silly audit   '@oxc-minify/binding-win32-arm64-msvc': [ '0.133.0' ],
731 silly audit   '@oxc-minify/binding-win32-ia32-msvc': [ '0.133.0' ],
731 silly audit   '@oxc-minify/binding-win32-x64-msvc': [ '0.133.0' ],
731 silly audit   '@oxc-parser/binding-android-arm-eabi': [ '0.133.0' ],
731 silly audit   '@oxc-parser/binding-android-arm64': [ '0.133.0' ],
731 silly audit   '@oxc-parser/binding-darwin-arm64': [ '0.133.0' ],
731 silly audit   '@oxc-parser/binding-darwin-x64': [ '0.133.0' ],
731 silly audit   '@oxc-parser/binding-freebsd-x64': [ '0.133.0' ],
731 silly audit   '@oxc-parser/binding-linux-arm-gnueabihf': [ '0.133.0' ],
731 silly audit   '@oxc-parser/binding-linux-arm-musleabihf': [ '0.133.0' ],
731 silly audit   '@oxc-parser/binding-linux-arm64-gnu': [ '0.133.0' ],
731 silly audit   '@oxc-parser/binding-linux-arm64-musl': [ '0.133.0' ],
731 silly audit   '@oxc-parser/binding-linux-ppc64-gnu': [ '0.133.0' ],
731 silly audit   '@oxc-parser/binding-linux-riscv64-gnu': [ '0.133.0' ],
731 silly audit   '@oxc-parser/binding-linux-riscv64-musl': [ '0.133.0' ],
731 silly audit   '@oxc-parser/binding-linux-s390x-gnu': [ '0.133.0' ],
731 silly audit   '@oxc-parser/binding-linux-x64-gnu': [ '0.133.0' ],
731 silly audit   '@oxc-parser/binding-linux-x64-musl': [ '0.133.0' ],
731 silly audit   '@oxc-parser/binding-openharmony-arm64': [ '0.133.0' ],
731 silly audit   '@oxc-parser/binding-wasm32-wasi': [ '0.133.0' ],
731 silly audit   '@oxc-parser/binding-win32-arm64-msvc': [ '0.133.0' ],
731 silly audit   '@oxc-parser/binding-win32-ia32-msvc': [ '0.133.0' ],
731 silly audit   '@oxc-parser/binding-win32-x64-msvc': [ '0.133.0' ],
731 silly audit   '@oxc-project/types': [ '0.133.0' ],
731 silly audit   '@oxc-transform/binding-android-arm-eabi': [ '0.133.0' ],
731 silly audit   '@oxc-transform/binding-android-arm64': [ '0.133.0' ],
731 silly audit   '@oxc-transform/binding-darwin-arm64': [ '0.133.0' ],
731 silly audit   '@oxc-transform/binding-darwin-x64': [ '0.133.0' ],
731 silly audit   '@oxc-transform/binding-freebsd-x64': [ '0.133.0' ],
731 silly audit   '@oxc-transform/binding-linux-arm-gnueabihf': [ '0.133.0' ],
731 silly audit   '@oxc-transform/binding-linux-arm-musleabihf': [ '0.133.0' ],
731 silly audit   '@oxc-transform/binding-linux-arm64-gnu': [ '0.133.0' ],
731 silly audit   '@oxc-transform/binding-linux-arm64-musl': [ '0.133.0' ],
731 silly audit   '@oxc-transform/binding-linux-ppc64-gnu': [ '0.133.0' ],
731 silly audit   '@oxc-transform/binding-linux-riscv64-gnu': [ '0.133.0' ],
731 silly audit   '@oxc-transform/binding-linux-riscv64-musl': [ '0.133.0' ],
731 silly audit   '@oxc-transform/binding-linux-s390x-gnu': [ '0.133.0' ],
731 silly audit   '@oxc-transform/binding-linux-x64-gnu': [ '0.133.0' ],
731 silly audit   '@oxc-transform/binding-linux-x64-musl': [ '0.133.0' ],
731 silly audit   '@oxc-transform/binding-openharmony-arm64': [ '0.133.0' ],
731 silly audit   '@oxc-transform/binding-wasm32-wasi': [ '0.133.0' ],
731 silly audit   '@oxc-transform/binding-win32-arm64-msvc': [ '0.133.0' ],
731 silly audit   '@oxc-transform/binding-win32-ia32-msvc': [ '0.133.0' ],
731 silly audit   '@oxc-transform/binding-win32-x64-msvc': [ '0.133.0' ],
731 silly audit   '@parcel/watcher': [ '2.5.6' ],
731 silly audit   '@parcel/watcher-android-arm64': [ '2.5.6' ],
731 silly audit   '@parcel/watcher-darwin-arm64': [ '2.5.6' ],
731 silly audit   '@parcel/watcher-darwin-x64': [ '2.5.6' ],
731 silly audit   '@parcel/watcher-freebsd-x64': [ '2.5.6' ],
731 silly audit   '@parcel/watcher-linux-arm-glibc': [ '2.5.6' ],
731 silly audit   '@parcel/watcher-linux-arm-musl': [ '2.5.6' ],
731 silly audit   '@parcel/watcher-linux-arm64-glibc': [ '2.5.6' ],
731 silly audit   '@parcel/watcher-linux-arm64-musl': [ '2.5.6' ],
731 silly audit   '@parcel/watcher-linux-x64-glibc': [ '2.5.6' ],
731 silly audit   '@parcel/watcher-linux-x64-musl': [ '2.5.6' ],
731 silly audit   '@parcel/watcher-wasm': [ '2.5.6' ],
731 silly audit   '@parcel/watcher-win32-arm64': [ '2.5.6' ],
731 silly audit   '@parcel/watcher-win32-ia32': [ '2.5.6' ],
731 silly audit   '@parcel/watcher-win32-x64': [ '2.5.6' ],
731 silly audit   '@pkgjs/parseargs': [ '0.11.0' ],
731 silly audit   '@polka/url': [ '1.0.0-next.29' ],
731 silly audit   '@poppinss/colors': [ '4.1.6' ],
731 silly audit   '@poppinss/dumper': [ '0.7.0' ],
731 silly audit   '@poppinss/exception': [ '1.2.3' ],
731 silly audit   '@rolldown/binding-android-arm64': [ '1.0.3' ],
731 silly audit   '@rolldown/binding-darwin-arm64': [ '1.0.3' ],
731 silly audit   '@rolldown/binding-darwin-x64': [ '1.0.3' ],
731 silly audit   '@rolldown/binding-freebsd-x64': [ '1.0.3' ],
731 silly audit   '@rolldown/binding-linux-arm-gnueabihf': [ '1.0.3' ],
731 silly audit   '@rolldown/binding-linux-arm64-gnu': [ '1.0.3' ],
731 silly audit   '@rolldown/binding-linux-arm64-musl': [ '1.0.3' ],
731 silly audit   '@rolldown/binding-linux-ppc64-gnu': [ '1.0.3' ],
731 silly audit   '@rolldown/binding-linux-s390x-gnu': [ '1.0.3' ],
731 silly audit   '@rolldown/binding-linux-x64-gnu': [ '1.0.3' ],
731 silly audit   '@rolldown/binding-linux-x64-musl': [ '1.0.3' ],
731 silly audit   '@rolldown/binding-openharmony-arm64': [ '1.0.3' ],
731 silly audit   '@rolldown/binding-wasm32-wasi': [ '1.0.3' ],
731 silly audit   '@rolldown/binding-win32-arm64-msvc': [ '1.0.3' ],
731 silly audit   '@rolldown/binding-win32-x64-msvc': [ '1.0.3' ],
731 silly audit   '@rolldown/pluginutils': [ '1.0.1' ],
731 silly audit   '@rollup/plugin-alias': [ '6.0.0' ],
731 silly audit   '@rollup/plugin-commonjs': [ '29.0.3' ],
731 silly audit   '@rollup/plugin-inject': [ '5.0.5' ],
731 silly audit   '@rollup/plugin-json': [ '6.1.0' ],
731 silly audit   '@rollup/plugin-node-resolve': [ '16.0.3' ],
731 silly audit   '@rollup/plugin-replace': [ '6.0.3' ],
731 silly audit   '@rollup/plugin-terser': [ '1.0.0' ],
731 silly audit   '@rollup/pluginutils': [ '5.4.0' ],
731 silly audit   '@rollup/rollup-android-arm-eabi': [ '4.62.0' ],
731 silly audit   '@rollup/rollup-android-arm64': [ '4.62.0' ],
731 silly audit   '@rollup/rollup-darwin-arm64': [ '4.62.0' ],
731 silly audit   '@rollup/rollup-darwin-x64': [ '4.62.0' ],
731 silly audit   '@rollup/rollup-freebsd-arm64': [ '4.62.0' ],
731 silly audit   '@rollup/rollup-freebsd-x64': [ '4.62.0' ],
731 silly audit   '@rollup/rollup-linux-arm-gnueabihf': [ '4.62.0' ],
731 silly audit   '@rollup/rollup-linux-arm-musleabihf': [ '4.62.0' ],
731 silly audit   '@rollup/rollup-linux-arm64-gnu': [ '4.62.0' ],
731 silly audit   '@rollup/rollup-linux-arm64-musl': [ '4.62.0' ],
731 silly audit   '@rollup/rollup-linux-loong64-gnu': [ '4.62.0' ],
731 silly audit   '@rollup/rollup-linux-loong64-musl': [ '4.62.0' ],
731 silly audit   '@rollup/rollup-linux-ppc64-gnu': [ '4.62.0' ],
731 silly audit   '@rollup/rollup-linux-ppc64-musl': [ '4.62.0' ],
731 silly audit   '@rollup/rollup-linux-riscv64-gnu': [ '4.62.0' ],
731 silly audit   '@rollup/rollup-linux-riscv64-musl': [ '4.62.0' ],
731 silly audit   '@rollup/rollup-linux-s390x-gnu': [ '4.62.0' ],
731 silly audit   '@rollup/rollup-linux-x64-gnu': [ '4.62.0' ],
731 silly audit   '@rollup/rollup-linux-x64-musl': [ '4.62.0' ],
731 silly audit   '@rollup/rollup-openbsd-x64': [ '4.62.0' ],
731 silly audit   '@rollup/rollup-openharmony-arm64': [ '4.62.0' ],
731 silly audit   '@rollup/rollup-win32-arm64-msvc': [ '4.62.0' ],
731 silly audit   '@rollup/rollup-win32-ia32-msvc': [ '4.62.0' ],
731 silly audit   '@rollup/rollup-win32-x64-gnu': [ '4.62.0' ],
731 silly audit   '@rollup/rollup-win32-x64-msvc': [ '4.62.0' ],
731 silly audit   '@simple-git/args-pathspec': [ '1.0.3' ],
731 silly audit   '@simple-git/argv-parser': [ '1.1.1' ],
731 silly audit   '@sindresorhus/is': [ '7.2.0' ],
731 silly audit   '@sindresorhus/merge-streams': [ '4.0.0' ],
731 silly audit   '@speed-highlight/core': [ '1.2.17' ],
731 silly audit   '@tybys/wasm-util': [ '0.10.2' ],
731 silly audit   '@types/estree': [ '1.0.9' ],
731 silly audit   '@types/jsesc': [ '2.5.1' ],
731 silly audit   '@types/resolve': [ '1.20.2' ],
731 silly audit   '@unhead/vue': [ '2.1.15' ],
731 silly audit   '@vercel/nft': [ '1.10.2' ],
731 silly audit   '@vitejs/plugin-vue': [ '6.0.7' ],
731 silly audit   '@vitejs/plugin-vue-jsx': [ '5.1.5' ],
731 silly audit   '@vue-macros/common': [ '3.1.2' ],
731 silly audit   '@vue/babel-helper-vue-transform-on': [ '2.0.1' ],
731 silly audit   '@vue/babel-plugin-jsx': [ '2.0.1' ],
731 silly audit   '@vue/babel-plugin-resolve-type': [ '2.0.1' ],
731 silly audit   '@vue/compiler-core': [ '3.5.38' ],
731 silly audit   '@vue/compiler-dom': [ '3.5.38' ],
731 silly audit   '@vue/compiler-sfc': [ '3.5.38' ],
731 silly audit   '@vue/compiler-ssr': [ '3.5.38' ],
731 silly audit   '@vue/devtools-api': [ '8.1.3' ],
731 silly audit   '@vue/devtools-core': [ '8.1.3' ],
731 silly audit   '@vue/devtools-kit': [ '8.1.3' ],
731 silly audit   birpc: [ '2.9.0', '4.0.0' ],
731 silly audit   hookable: [ '5.5.3', '6.1.1' ],
731 silly audit   '@vue/devtools-shared': [ '8.1.3' ],
731 silly audit   '@vue/reactivity': [ '3.5.38' ],
731 silly audit   '@vue/runtime-core': [ '3.5.38' ],
731 silly audit   '@vue/runtime-dom': [ '3.5.38' ],
731 silly audit   '@vue/server-renderer': [ '3.5.38' ],
731 silly audit   '@vue/shared': [ '3.5.38' ],
731 silly audit   abbrev: [ '3.0.1' ],
731 silly audit   'abort-controller': [ '3.0.0' ],
731 silly audit   acorn: [ '8.17.0' ],
731 silly audit   'acorn-import-attributes': [ '1.9.5' ],
731 silly audit   'agent-base': [ '7.1.4' ],
731 silly audit   'ansi-regex': [ '6.2.2', '5.0.1' ],
731 silly audit   'ansi-styles': [ '6.2.3', '4.3.0' ],
731 silly audit   ansis: [ '4.3.1' ],
731 silly audit   anymatch: [ '3.1.3' ],
731 silly audit   picomatch: [ '2.3.2', '4.0.4' ],
731 silly audit   archiver: [ '7.0.1' ],
731 silly audit   'archiver-utils': [ '5.0.2' ],
731 silly audit   'balanced-match': [ '1.0.2', '4.0.4' ],
731 silly audit   'brace-expansion': [ '2.1.1', '5.0.6', '1.1.15' ],
731 silly audit   glob: [ '10.5.0', '13.0.6', '7.2.3' ],
731 silly audit   'is-stream': [ '2.0.1', '3.0.0' ],
731 silly audit   'lru-cache': [ '10.4.3', '5.1.1', '11.5.1' ],
731 silly audit   minimatch: [ '9.0.9', '10.2.5', '5.1.9', '3.1.5' ],
731 silly audit   'path-scurry': [ '1.11.1', '2.0.2' ],
731 silly audit   'ast-kit': [ '2.2.0' ],
731 silly audit   'ast-walker-scope': [ '0.9.0' ],
731 silly audit   async: [ '3.2.6' ],
731 silly audit   'async-sema': [ '3.1.1' ],
731 silly audit   autoprefixer: [ '10.5.0' ],
731 silly audit   b4a: [ '1.8.1' ],
731 silly audit   'bare-events': [ '2.9.1' ],
731 silly audit   'bare-fs': [ '4.7.2' ],
731 silly audit   'bare-os': [ '3.9.1' ],
731 silly audit   'bare-path': [ '3.0.1' ],
731 silly audit   'bare-stream': [ '2.13.3' ],
731 silly audit   'bare-url': [ '2.4.5' ],
731 silly audit   'base64-js': [ '1.5.1' ],
731 silly audit   'baseline-browser-mapping': [ '2.10.37' ],
731 silly audit   bindings: [ '1.5.0' ],
731 silly audit   boolbase: [ '1.0.0' ],
731 silly audit   braces: [ '3.0.3' ],
731 silly audit   browserslist: [ '4.28.2' ],
731 silly audit   buffer: [ '6.0.3' ],
731 silly audit   'buffer-crc32': [ '1.0.0' ],
731 silly audit   'buffer-from': [ '1.1.2' ],
731 silly audit   'bundle-name': [ '4.1.0' ],
731 silly audit   c12: [ '3.3.4' ],
731 silly audit   cac: [ '6.7.14' ],
731 silly audit   'caniuse-api': [ '4.0.0' ],
731 silly audit   'caniuse-lite': [ '1.0.30001799' ],
731 silly audit   chokidar: [ '5.0.0', '3.6.0' ],
731 silly audit   chownr: [ '3.0.0' ],
731 silly audit   citty: [ '0.2.2', '0.1.6' ],
731 silly audit   cliui: [ '9.0.1', '8.0.1' ],
731 silly audit   'cluster-key-slot': [ '1.1.1' ],
731 silly audit   'color-convert': [ '2.0.1' ],
731 silly audit   'color-name': [ '1.1.4' ],
731 silly audit   commander: [ '2.20.3', '11.1.0', '6.2.1', '4.1.1' ],
731 silly audit   commondir: [ '1.0.1' ],
731 silly audit   compatx: [ '0.2.0' ],
731 silly audit   'compress-commons': [ '6.0.2' ],
731 silly audit   confbox: [ '0.2.4', '0.1.8' ],
731 silly audit   consola: [ '3.4.2' ],
731 silly audit   'convert-source-map': [ '2.0.0' ],
731 silly audit   'cookie-es': [ '3.1.1', '1.2.3', '2.0.1' ],
731 silly audit   'core-util-is': [ '1.0.3' ],
731 silly audit   'crc-32': [ '1.2.2' ],
731 silly audit   'crc32-stream': [ '6.0.0' ],
731 silly audit   croner: [ '10.0.1' ],
731 silly audit   'cross-spawn': [ '7.0.6' ],
731 silly audit   isexe: [ '2.0.0', '4.0.0' ],
731 silly audit   which: [ '2.0.2', '6.0.1' ],
731 silly audit   crossws: [ '0.3.5' ],
731 silly audit   'css-select': [ '5.2.2' ],
731 silly audit   'css-tree': [ '3.2.1', '2.2.1' ],
731 silly audit   'css-what': [ '6.2.2' ],
731 silly audit   cssesc: [ '3.0.0' ],
731 silly audit   cssnano: [ '8.0.2' ],
731 silly audit   'cssnano-preset-default': [ '8.0.2' ],
731 silly audit   'cssnano-utils': [ '6.0.1' ],
731 silly audit   csso: [ '5.0.5' ],
731 silly audit   'mdn-data': [ '2.0.28', '2.27.1' ],
731 silly audit   csstype: [ '3.2.3' ],
731 silly audit   db0: [ '0.3.4' ],
731 silly audit   debug: [ '4.4.3', '3.2.7' ],
731 silly audit   deepmerge: [ '4.3.1' ],
731 silly audit   'default-browser': [ '5.5.0' ],
731 silly audit   'default-browser-id': [ '5.0.1' ],
731 silly audit   'define-lazy-prop': [ '3.0.0' ],
731 silly audit   defu: [ '6.1.7' ],
731 silly audit   denque: [ '2.1.0' ],
731 silly audit   depd: [ '2.0.0', '1.1.2' ],
731 silly audit   destr: [ '2.0.5' ],
731 silly audit   'detect-libc': [ '2.1.2' ],
731 silly audit   devalue: [ '5.8.1' ],
731 silly audit   diff: [ '8.0.4' ],
731 silly audit   'dom-serializer': [ '2.0.0' ],
731 silly audit   entities: [ '4.5.0', '7.0.1' ],
731 silly audit   domelementtype: [ '2.3.0' ],
731 silly audit   domhandler: [ '5.0.3' ],
731 silly audit   domutils: [ '3.2.2' ],
731 silly audit   'dot-prop': [ '10.1.0' ],
731 silly audit   dotenv: [ '17.4.2' ],
731 silly audit   duplexer: [ '0.1.2' ],
731 silly audit   eastasianwidth: [ '0.2.0' ],
731 silly audit   'ee-first': [ '1.1.1' ],
731 silly audit   'electron-to-chromium': [ '1.5.373' ],
731 silly audit   encodeurl: [ '2.0.0', '1.0.2' ],
731 silly audit   'error-stack-parser-es': [ '1.0.5' ],
731 silly audit   errx: [ '0.1.0' ],
731 silly audit   'es-errors': [ '1.3.0' ],
731 silly audit   'es-module-lexer': [ '2.1.0' ],
731 silly audit   escalade: [ '3.2.0' ],
731 silly audit   'escape-html': [ '1.0.3' ],
731 silly audit   'escape-string-regexp': [ '5.0.0' ],
731 silly audit   'estree-walker': [ '2.0.2', '3.0.3' ],
731 silly audit   etag: [ '1.8.1' ],
731 silly audit   'event-target-shim': [ '5.0.1' ],
731 silly audit   events: [ '3.3.0' ],
731 silly audit   'events-universal': [ '1.0.1' ],
731 silly audit   execa: [ '8.0.1' ],
731 silly audit   exsolve: [ '1.0.8' ],
731 silly audit   'fast-fifo': [ '1.3.2' ],
731 silly audit   'fast-glob': [ '3.3.3' ],
731 silly audit   'fast-npm-meta': [ '1.5.1' ],
731 silly audit   'fast-string-truncated-width': [ '3.0.3' ],
731 silly audit   'fast-string-width': [ '3.0.2' ],
731 silly audit   'fast-wrap-ansi': [ '0.2.2' ],
731 silly audit   fastq: [ '1.20.1' ],
731 silly audit   fdir: [ '6.5.0' ],
731 silly audit   'file-uri-to-path': [ '1.0.0' ],
731 silly audit   'fill-range': [ '7.1.1' ],
731 silly audit   'foreground-child': [ '3.3.1' ],
731 silly audit   'fraction.js': [ '5.3.4' ],
731 silly audit   fresh: [ '2.0.0', '0.5.2' ],
731 silly audit   fsevents: [ '2.3.3' ],
731 silly audit   'function-bind': [ '1.1.2' ],
731 silly audit   'fuse.js': [ '7.4.2' ],
731 silly audit   fzf: [ '0.5.2' ],
731 silly audit   gensync: [ '1.0.0-beta.2' ],
731 silly audit   'get-caller-file': [ '2.0.5' ],
731 silly audit   'get-east-asian-width': [ '1.6.0' ],
731 silly audit   'get-port-please': [ '3.2.0' ],
731 silly audit   'get-stream': [ '8.0.1' ],
731 silly audit   giget: [ '3.3.0' ],
731 silly audit   'glob-parent': [ '5.1.2', '6.0.2' ],
731 silly audit   'global-directory': [ '4.0.1' ],
731 silly audit   globby: [ '16.2.0' ],
731 silly audit   'graceful-fs': [ '4.2.11' ],
731 silly audit   'gzip-size': [ '7.0.0' ],
731 silly audit   h3: [ '1.15.11' ],
731 silly audit   hasown: [ '2.0.4' ],
731 silly audit   'http-errors': [ '2.0.1', '1.8.1', '1.6.3' ],
731 silly audit   'http-shutdown': [ '1.2.2' ],
731 silly audit   'https-proxy-agent': [ '7.0.6' ],
731 silly audit   httpxy: [ '0.5.3' ],
731 silly audit   'human-signals': [ '5.0.0' ],
731 silly audit   ieee754: [ '1.2.1' ],
731 silly audit   ignore: [ '7.0.5' ],
731 silly audit   'image-meta': [ '0.2.2' ],
731 silly audit   impound: [ '1.1.5' ],
731 silly audit   inherits: [ '2.0.4', '2.0.3' ],
731 silly audit   ini: [ '4.1.1' ],
731 silly audit   ioredis: [ '5.11.1' ],
731 silly audit   'iron-webcrypto': [ '1.2.1' ],
731 silly audit   'is-core-module': [ '2.16.2' ],
731 silly audit   'is-docker': [ '3.0.0', '2.2.1' ],
731 silly audit   'is-extglob': [ '2.1.1' ],
731 silly audit   'is-fullwidth-code-point': [ '3.0.0' ],
731 silly audit   'is-glob': [ '4.0.3' ],
731 silly audit   'is-in-ssh': [ '1.0.0' ],
731 silly audit   'is-inside-container': [ '1.0.0' ],
731 silly audit   'is-installed-globally': [ '1.0.0' ],
731 silly audit   'is-module': [ '1.0.0' ],
731 silly audit   'is-number': [ '7.0.0' ],
731 silly audit   'is-path-inside': [ '4.0.0' ],
731 silly audit   'is-reference': [ '1.2.1' ],
731 silly audit   'is-wsl': [ '3.1.1', '2.2.0' ],
731 silly audit   isarray: [ '1.0.0' ],
731 silly audit   jackspeak: [ '3.4.3' ],
731 silly audit   jiti: [ '2.7.0', '1.21.7' ],
731 silly audit   'js-tokens': [ '4.0.0', '9.0.1' ],
731 silly audit   jsesc: [ '3.1.0' ],
731 silly audit   json5: [ '2.2.3' ],
731 silly audit   kleur: [ '4.1.5' ],
731 silly audit   klona: [ '2.0.6' ],
731 silly audit   knitwork: [ '1.3.0' ],
731 silly audit   'launch-editor': [ '2.14.1' ],
731 silly audit   lazystream: [ '1.0.1' ],
731 silly audit   'readable-stream': [ '2.3.8', '4.7.0' ],
731 silly audit   'safe-buffer': [ '5.1.2', '5.2.1' ],
731 silly audit   string_decoder: [ '1.1.1', '1.3.0' ],
731 silly audit   lightningcss: [ '1.32.0' ],
731 silly audit   'lightningcss-android-arm64': [ '1.32.0' ],
731 silly audit   'lightningcss-darwin-arm64': [ '1.32.0' ],
731 silly audit   'lightningcss-darwin-x64': [ '1.32.0' ],
731 silly audit   'lightningcss-freebsd-x64': [ '1.32.0' ],
731 silly audit   'lightningcss-linux-arm-gnueabihf': [ '1.32.0' ],
731 silly audit   'lightningcss-linux-arm64-gnu': [ '1.32.0' ],
731 silly audit   'lightningcss-linux-arm64-musl': [ '1.32.0' ],
731 silly audit   'lightningcss-linux-x64-gnu': [ '1.32.0' ],
731 silly audit   'lightningcss-linux-x64-musl': [ '1.32.0' ],
731 silly audit   'lightningcss-win32-arm64-msvc': [ '1.32.0' ],
731 silly audit   'lightningcss-win32-x64-msvc': [ '1.32.0' ],
731 silly audit   lilconfig: [ '3.1.3' ],
731 silly audit   listhen: [ '1.10.0' ],
731 silly audit   'local-pkg': [ '1.2.1' ],
731 silly audit   lodash: [ '4.18.1' ],
731 silly audit   'magic-regexp': [ '0.11.0' ],
731 silly audit   'magic-string': [ '0.30.21' ],
731 silly audit   'magic-string-ast': [ '1.0.3' ],
731 silly audit   magicast: [ '0.5.3' ],
731 silly audit   'merge-stream': [ '2.0.0' ],
731 silly audit   merge2: [ '1.4.1' ],
731 silly audit   micromatch: [ '4.0.8' ],
731 silly audit   mime: [ '4.1.0' ],
731 silly audit   'mime-db': [ '1.54.0', '1.52.0' ],
731 silly audit   'mime-types': [ '3.0.2', '2.1.35' ],
731 silly audit   'mimic-fn': [ '4.0.0' ],
731 silly audit   minipass: [ '7.1.3' ],
731 silly audit   minizlib: [ '3.1.0' ],
731 silly audit   mlly: [ '1.8.2' ],
731 silly audit   'pkg-types': [ '1.3.1', '2.3.1' ],
731 silly audit   'mocked-exports': [ '0.1.1' ],
731 silly audit   mrmime: [ '2.0.1' ],
731 silly audit   ms: [ '2.1.3' ],
731 silly audit   'muggle-string': [ '0.4.1' ],
731 silly audit   nanoid: [ '3.3.12' ],
731 silly audit   nanotar: [ '0.3.0' ],
731 silly audit   nitropack: [ '2.13.4' ],
731 silly audit   'node-addon-api': [ '7.1.1' ],
731 silly audit   'node-fetch': [ '2.7.0' ],
731 silly audit   'node-fetch-native': [ '1.6.7' ],
731 silly audit   'node-forge': [ '1.4.0' ],
731 silly audit   'node-gyp-build': [ '4.8.4' ],
731 silly audit   'node-mock-http': [ '1.0.4' ],
731 silly audit   'node-releases': [ '2.0.47' ],
731 silly audit   nopt: [ '8.1.0' ],
731 silly audit   'normalize-path': [ '3.0.0' ],
731 silly audit   'npm-run-path': [ '5.3.0', '6.0.0' ],
731 silly audit   'path-key': [ '4.0.0', '3.1.1' ],
731 silly audit   'nth-check': [ '2.1.1' ],
731 silly audit   nuxt: [ '4.4.8' ],
731 silly audit   nypm: [ '0.6.7' ],
731 silly audit   obug: [ '2.1.3' ],
731 silly audit   ohash: [ '2.0.11' ],
731 silly audit   'on-change': [ '6.0.2' ],
731 silly audit   'on-finished': [ '2.4.1' ],
731 silly audit   onetime: [ '6.0.0' ],
731 silly audit   open: [ '11.0.0', '7.4.2' ],
731 silly audit   'oxc-minify': [ '0.133.0' ],
731 silly audit   'oxc-parser': [ '0.133.0' ],
731 silly audit   'oxc-transform': [ '0.133.0' ],
731 silly audit   'oxc-walker': [ '1.0.0' ],
731 silly audit   'package-json-from-dist': [ '1.0.1' ],
731 silly audit   parseurl: [ '1.3.3' ],
731 silly audit   'path-parse': [ '1.0.7' ],
731 silly audit   pathe: [ '2.0.3', '1.1.2' ],
731 silly audit   'perfect-debounce': [ '2.1.0' ],
731 silly audit   picocolors: [ '1.1.1' ],
731 silly audit   postcss: [ '8.5.15' ],
731 silly audit   'postcss-calc': [ '10.1.1' ],
731 silly audit   'postcss-colormin': [ '8.0.1' ],
731 silly audit   'postcss-convert-values': [ '8.0.1' ],
731 silly audit   'postcss-discard-comments': [ '8.0.1' ],
731 silly audit   'postcss-discard-duplicates': [ '8.0.1' ],
731 silly audit   'postcss-discard-empty': [ '8.0.1' ],
731 silly audit   'postcss-discard-overridden': [ '8.0.1' ],
731 silly audit   'postcss-merge-longhand': [ '8.0.1' ],
731 silly audit   'postcss-merge-rules': [ '8.0.1' ],
731 silly audit   'postcss-minify-font-values': [ '8.0.1' ],
731 silly audit   'postcss-minify-gradients': [ '8.0.1' ],
731 silly audit   'postcss-minify-params': [ '8.0.1' ],
731 silly audit   'postcss-minify-selectors': [ '8.0.2' ],
731 silly audit   'postcss-normalize-charset': [ '8.0.1' ],
731 silly audit   'postcss-normalize-display-values': [ '8.0.1' ],
731 silly audit   'postcss-normalize-positions': [ '8.0.1' ],
731 silly audit   'postcss-normalize-repeat-style': [ '8.0.1' ],
731 silly audit   'postcss-normalize-string': [ '8.0.1' ],
731 silly audit   'postcss-normalize-timing-functions': [ '8.0.1' ],
731 silly audit   'postcss-normalize-unicode': [ '8.0.1' ],
731 silly audit   'postcss-normalize-url': [ '8.0.1' ],
731 silly audit   'postcss-normalize-whitespace': [ '8.0.1' ],
731 silly audit   'postcss-ordered-values': [ '8.0.1' ],
731 silly audit   'postcss-reduce-initial': [ '8.0.1' ],
731 silly audit   'postcss-reduce-transforms': [ '8.0.1' ],
731 silly audit   'postcss-selector-parser': [ '7.1.4', '6.1.4' ],
731 silly audit   'postcss-svgo': [ '8.0.1' ],
731 silly audit   'postcss-unique-selectors': [ '8.0.1' ],
731 silly audit   'postcss-value-parser': [ '4.2.0' ],
731 silly audit   'powershell-utils': [ '0.1.0' ],
731 silly audit   'pretty-bytes': [ '7.1.0' ],
731 silly audit   process: [ '0.11.10' ],
731 silly audit   'process-nextick-args': [ '2.0.1' ],
731 silly audit   'proper-lockfile': [ '4.1.2' ],
731 silly audit   'signal-exit': [ '3.0.7', '4.1.0' ],
731 silly audit   quansync: [ '0.2.11' ],
731 silly audit   'queue-microtask': [ '1.2.3' ],
731 silly audit   radix3: [ '1.1.2' ],
731 silly audit   'range-parser': [ '1.2.1' ],
731 silly audit   rc9: [ '3.0.1' ],
731 silly audit   'readdir-glob': [ '1.1.3' ],
731 silly audit   readdirp: [ '5.0.0', '3.6.0' ],
731 silly audit   'redis-errors': [ '1.2.0' ],
731 silly audit   'redis-parser': [ '3.0.0' ],
731 silly audit   'regexp-tree': [ '0.1.27' ],
731 silly audit   resolve: [ '1.22.12' ],
731 silly audit   'resolve-from': [ '5.0.0' ],
731 silly audit   retry: [ '0.12.0' ],
731 silly audit   reusify: [ '1.1.0' ],
731 silly audit   rolldown: [ '1.0.3' ],
731 silly audit   rollup: [ '4.62.0' ],
731 silly audit   'rollup-plugin-visualizer': [ '7.0.1' ],
731 silly audit   rou3: [ '0.8.1' ],
731 silly audit   'run-applescript': [ '7.1.0' ],
731 silly audit   'run-parallel': [ '1.2.0' ],
731 silly audit   sax: [ '1.6.0' ],
731 silly audit   scule: [ '1.3.0' ],
731 silly audit   send: [ '1.2.1' ],
731 silly audit   'serialize-javascript': [ '7.0.5' ],
731 silly audit   seroval: [ '1.5.4' ],
731 silly audit   'serve-placeholder': [ '2.0.2' ],
731 silly audit   'serve-static': [ '2.2.1' ],
731 silly audit   setprototypeof: [ '1.2.0', '1.1.0' ],
731 silly audit   'shebang-command': [ '2.0.0' ],
731 silly audit   'shebang-regex': [ '3.0.0' ],
731 silly audit   'shell-quote': [ '1.8.4' ],
731 silly audit   'simple-git': [ '3.36.0' ],
731 silly audit   sirv: [ '3.0.2' ],
731 silly audit   sisteransi: [ '1.0.5' ],
731 silly audit   slash: [ '5.1.0' ],
731 silly audit   smob: [ '1.6.2' ],
731 silly audit   'source-map': [ '0.7.6', '0.6.1' ],
731 silly audit   'source-map-js': [ '1.2.1' ],
731 silly audit   'source-map-support': [ '0.5.21' ],
731 silly audit   srvx: [ '0.11.16' ],
731 silly audit   'standard-as-callback': [ '2.1.0' ],
731 silly audit   statuses: [ '2.0.2', '1.5.0' ],
731 silly audit   'std-env': [ '4.1.0' ],
731 silly audit   streamx: [ '2.28.0' ],
731 silly audit   'strip-ansi': [ '6.0.1', '7.2.0' ],
731 silly audit   'strip-final-newline': [ '3.0.0' ],
731 silly audit   'strip-literal': [ '3.1.0' ],
731 silly audit   'structured-clone-es': [ '2.0.0' ],
731 silly audit   stylehacks: [ '8.0.1' ],
731 silly audit   'supports-color': [ '10.2.2', '7.2.0' ],
731 silly audit   'supports-preserve-symlinks-flag': [ '1.0.0' ],
731 silly audit   svgo: [ '4.0.1' ],
731 silly audit   'tagged-tag': [ '1.0.0' ],
731 silly audit   tar: [ '7.5.16' ],
731 silly audit   'tar-stream': [ '3.2.0' ],
731 silly audit   yallist: [ '5.0.0', '3.1.1' ],
731 silly audit   teex: [ '1.0.1' ],
731 silly audit   terser: [ '5.48.0' ],
731 silly audit   'text-decoder': [ '1.2.7' ],
731 silly audit   'tiny-invariant': [ '1.3.3' ],
731 silly audit   tinyclip: [ '0.1.14' ],
731 silly audit   tinyexec: [ '1.2.4' ],
731 silly audit   tinyglobby: [ '0.2.17' ],
731 silly audit   'to-regex-range': [ '5.0.1' ],
731 silly audit   toidentifier: [ '1.0.1' ],
731 silly audit   totalist: [ '3.0.1' ],
731 silly audit   tr46: [ '0.0.3' ],
731 silly audit   tslib: [ '2.8.1' ],
731 silly audit   'type-fest': [ '5.7.0' ],
731 silly audit   'type-level-regexp': [ '0.1.17' ],
731 silly audit   ufo: [ '1.6.4' ],
731 silly audit   ultrahtml: [ '1.6.0' ],
731 silly audit   uncrypto: [ '0.1.3' ],
731 silly audit   unctx: [ '2.5.0' ],
731 silly audit   unplugin: [ '2.3.11', '3.0.0' ],
731 silly audit   unenv: [ '2.0.0-rc.24' ],
731 silly audit   unhead: [ '2.1.15' ],
731 silly audit   'unicorn-magic': [ '0.4.0', '0.3.0' ],
731 silly audit   unimport: [ '6.3.0' ],
731 silly audit   'unplugin-utils': [ '0.3.1' ],
731 silly audit   unrouting: [ '0.1.7' ],
731 silly audit   unstorage: [ '1.17.5' ],
731 silly audit   untun: [ '0.1.3' ],
731 silly audit   untyped: [ '2.0.0' ],
731 silly audit   unwasm: [ '0.5.3' ],
731 silly audit   'update-browserslist-db': [ '1.2.3' ],
731 silly audit   uqr: [ '0.1.3' ],
731 silly audit   'util-deprecate': [ '1.0.2' ],
731 silly audit   'vite-dev-rpc': [ '2.0.0' ],
731 silly audit   'vite-hot-client': [ '2.2.0' ],
731 silly audit   'vite-node': [ '5.3.0' ],
731 silly audit   'vite-plugin-checker': [ '0.14.3' ],
731 silly audit   'vite-plugin-inspect': [ '11.4.1' ],
731 silly audit   'vite-plugin-vue-tracer': [ '1.4.0' ],
731 silly audit   vue: [ '3.5.38' ],
731 silly audit   'vue-bundle-renderer': [ '2.2.0' ],
731 silly audit   'vue-devtools-stub': [ '0.1.0' ],
731 silly audit   'vue-router': [ '5.1.0' ],
731 silly audit   'webidl-conversions': [ '3.0.1' ],
731 silly audit   'webpack-virtual-modules': [ '0.6.2' ],
731 silly audit   'whatwg-url': [ '5.0.0' ],
731 silly audit   ws: [ '8.21.0' ],
731 silly audit   'wsl-utils': [ '0.3.1' ],
731 silly audit   y18n: [ '5.0.8' ],
731 silly audit   yaml: [ '2.9.0' ],
731 silly audit   yargs: [ '18.0.0', '17.7.2' ],
731 silly audit   'yargs-parser': [ '22.0.0', '21.1.1' ],
731 silly audit   youch: [ '4.1.1' ],
731 silly audit   'youch-core': [ '0.3.3' ],
731 silly audit   'zip-stream': [ '6.0.1' ],
731 silly audit   '@nuxtjs/tailwindcss': [ '6.14.0' ],
731 silly audit   'postcss-nesting': [ '13.0.2' ],
731 silly audit   'tailwind-config-viewer': [ '2.0.4' ],
731 silly audit   tailwindcss: [ '3.4.19' ],
731 silly audit   '@csstools/selector-resolve-nested': [ '3.1.0' ],
731 silly audit   '@csstools/selector-specificity': [ '5.0.0' ],
731 silly audit   '@koa/router': [ '12.0.2' ],
731 silly audit   'fs-extra': [ '9.1.0' ],
731 silly audit   koa: [ '2.16.4' ],
731 silly audit   'koa-static': [ '5.0.0' ],
731 silly audit   portfinder: [ '1.0.38' ],
731 silly audit   'replace-in-file': [ '6.3.5' ],
731 silly audit   'koa-compose': [ '4.1.0' ],
731 silly audit   methods: [ '1.1.2' ],
731 silly audit   'path-to-regexp': [ '6.3.0' ],
731 silly audit   'at-least-node': [ '1.0.0' ],
731 silly audit   jsonfile: [ '6.2.1' ],
731 silly audit   universalify: [ '2.0.1' ],
731 silly audit   accepts: [ '1.3.8' ],
731 silly audit   'cache-content-type': [ '1.0.1' ],
731 silly audit   'content-disposition': [ '0.5.4' ],
731 silly audit   'content-type': [ '1.0.5' ],
731 silly audit   cookies: [ '0.9.1' ],
731 silly audit   delegates: [ '1.0.0' ],
731 silly audit   destroy: [ '1.2.0' ],
731 silly audit   'http-assert': [ '1.5.0' ],
731 silly audit   'is-generator-function': [ '1.1.2' ],
731 silly audit   'koa-convert': [ '2.0.0' ],
731 silly audit   only: [ '0.0.2' ],
731 silly audit   'type-is': [ '1.6.18' ],
731 silly audit   vary: [ '1.1.2' ],
731 silly audit   negotiator: [ '0.6.3' ],
731 silly audit   ylru: [ '1.4.0' ],
731 silly audit   keygrip: [ '1.1.0' ],
731 silly audit   'deep-equal': [ '1.0.1' ],
731 silly audit   'call-bound': [ '1.0.4' ],
731 silly audit   'generator-function': [ '2.0.1' ],
731 silly audit   'get-proto': [ '1.0.1' ],
731 silly audit   'has-tostringtag': [ '1.0.2' ],
731 silly audit   'safe-regex-test': [ '1.1.0' ],
731 silly audit   'call-bind-apply-helpers': [ '1.0.2' ],
731 silly audit   'get-intrinsic': [ '1.3.0' ],
731 silly audit   'es-define-property': [ '1.0.1' ],
731 silly audit   'es-object-atoms': [ '1.1.2' ],
731 silly audit   gopd: [ '1.2.0' ],
731 silly audit   'has-symbols': [ '1.1.0' ],
731 silly audit   'math-intrinsics': [ '1.1.0' ],
731 silly audit   'dunder-proto': [ '1.0.1' ],
731 silly audit   tsscmp: [ '1.0.6' ],
731 silly audit   co: [ '4.6.0' ],
731 silly audit   'koa-send': [ '5.0.1' ],
731 silly audit   'resolve-path': [ '1.4.0' ],
731 silly audit   chalk: [ '4.1.2' ],
731 silly audit   'path-is-absolute': [ '1.0.1' ],
731 silly audit   'is-regex': [ '1.2.1' ],
731 silly audit   '@alloc/quick-lru': [ '5.2.0' ],
731 silly audit   arg: [ '5.0.2' ],
731 silly audit   didyoumean: [ '1.2.2' ],
731 silly audit   dlv: [ '1.1.3' ],
731 silly audit   'object-hash': [ '3.0.0' ],
731 silly audit   'postcss-import': [ '15.1.0' ],
731 silly audit   'postcss-js': [ '4.1.0' ],
731 silly audit   'postcss-load-config': [ '6.0.1' ],
731 silly audit   'postcss-nested': [ '6.2.0' ],
731 silly audit   sucrase: [ '3.35.1' ],
731 silly audit   'read-cache': [ '1.0.0' ],
731 silly audit   'camelcase-css': [ '2.0.1' ],
731 silly audit   pify: [ '2.3.0' ],
731 silly audit   'lines-and-columns': [ '1.2.4' ],
731 silly audit   mz: [ '2.7.0' ],
731 silly audit   pirates: [ '4.0.7' ],
731 silly audit   'ts-interface-checker': [ '0.1.13' ],
731 silly audit   'any-promise': [ '1.3.0' ],
731 silly audit   'object-assign': [ '4.1.1' ],
731 silly audit   'thenify-all': [ '1.6.0' ],
731 silly audit   thenify: [ '3.3.1' ],
731 silly audit   'media-typer': [ '0.3.0' ],
731 silly audit   'has-flag': [ '4.0.0' ],
731 silly audit   'fs.realpath': [ '1.0.0' ],
731 silly audit   inflight: [ '1.0.6' ],
731 silly audit   once: [ '1.4.0' ],
731 silly audit   wrappy: [ '1.0.2' ],
731 silly audit   'concat-map': [ '0.0.1' ],
731 silly audit   'require-directory': [ '2.1.1' ],
731 silly audit   'is-binary-path': [ '2.1.0' ],
731 silly audit   'binary-extensions': [ '2.3.0' ],
731 silly audit   'napi-wasm': [ '1.1.0' ]
731 silly audit }
732 http cache is-binary-path@https://registry.npmjs.org/is-binary-path/-/is-binary-path-2.1.0.tgz 0ms (cache hit)
733 http cache binary-extensions@https://registry.npmjs.org/binary-extensions/-/binary-extensions-2.3.0.tgz 0ms (cache hit)
734 http cache require-directory@https://registry.npmjs.org/require-directory/-/require-directory-2.1.1.tgz 0ms (cache hit)
735 http cache concat-map@https://registry.npmjs.org/concat-map/-/concat-map-0.0.1.tgz 0ms (cache hit)
736 http cache wrappy@https://registry.npmjs.org/wrappy/-/wrappy-1.0.2.tgz 0ms (cache hit)
737 http cache once@https://registry.npmjs.org/once/-/once-1.4.0.tgz 0ms (cache hit)
738 http cache inflight@https://registry.npmjs.org/inflight/-/inflight-1.0.6.tgz 0ms (cache hit)
739 http cache fs.realpath@https://registry.npmjs.org/fs.realpath/-/fs.realpath-1.0.0.tgz 0ms (cache hit)
740 http cache has-flag@https://registry.npmjs.org/has-flag/-/has-flag-4.0.0.tgz 0ms (cache hit)
741 http cache media-typer@https://registry.npmjs.org/media-typer/-/media-typer-0.3.0.tgz 0ms (cache hit)
742 http cache thenify@https://registry.npmjs.org/thenify/-/thenify-3.3.1.tgz 0ms (cache hit)
743 http cache thenify-all@https://registry.npmjs.org/thenify-all/-/thenify-all-1.6.0.tgz 0ms (cache hit)
744 http cache object-assign@https://registry.npmjs.org/object-assign/-/object-assign-4.1.1.tgz 0ms (cache hit)
745 http cache any-promise@https://registry.npmjs.org/any-promise/-/any-promise-1.3.0.tgz 0ms (cache hit)
746 http cache pirates@https://registry.npmjs.org/pirates/-/pirates-4.0.7.tgz 0ms (cache hit)
747 http cache ts-interface-checker@https://registry.npmjs.org/ts-interface-checker/-/ts-interface-checker-0.1.13.tgz 0ms (cache hit)
748 http cache mz@https://registry.npmjs.org/mz/-/mz-2.7.0.tgz 0ms (cache hit)
749 http cache lines-and-columns@https://registry.npmjs.org/lines-and-columns/-/lines-and-columns-1.2.4.tgz 0ms (cache hit)
750 http cache pify@https://registry.npmjs.org/pify/-/pify-2.3.0.tgz 0ms (cache hit)
751 http cache camelcase-css@https://registry.npmjs.org/camelcase-css/-/camelcase-css-2.0.1.tgz 0ms (cache hit)
752 http cache read-cache@https://registry.npmjs.org/read-cache/-/read-cache-1.0.0.tgz 0ms (cache hit)
753 http cache sucrase@https://registry.npmjs.org/sucrase/-/sucrase-3.35.1.tgz 0ms (cache hit)
754 http cache postcss-load-config@https://registry.npmjs.org/postcss-load-config/-/postcss-load-config-6.0.1.tgz 0ms (cache hit)
755 http cache postcss-nested@https://registry.npmjs.org/postcss-nested/-/postcss-nested-6.2.0.tgz 0ms (cache hit)
756 http cache postcss-js@https://registry.npmjs.org/postcss-js/-/postcss-js-4.1.0.tgz 0ms (cache hit)
757 http cache postcss-import@https://registry.npmjs.org/postcss-import/-/postcss-import-15.1.0.tgz 0ms (cache hit)
758 http cache object-hash@https://registry.npmjs.org/object-hash/-/object-hash-3.0.0.tgz 0ms (cache hit)
759 http cache dlv@https://registry.npmjs.org/dlv/-/dlv-1.1.3.tgz 0ms (cache hit)
760 http cache didyoumean@https://registry.npmjs.org/didyoumean/-/didyoumean-1.2.2.tgz 0ms (cache hit)
761 http cache arg@https://registry.npmjs.org/arg/-/arg-5.0.2.tgz 0ms (cache hit)
762 http cache @alloc/quick-lru@https://registry.npmjs.org/@alloc/quick-lru/-/quick-lru-5.2.0.tgz 0ms (cache hit)
763 http cache is-regex@https://registry.npmjs.org/is-regex/-/is-regex-1.2.1.tgz 0ms (cache hit)
764 http cache path-is-absolute@https://registry.npmjs.org/path-is-absolute/-/path-is-absolute-1.0.1.tgz 0ms (cache hit)
765 http cache chalk@https://registry.npmjs.org/chalk/-/chalk-4.1.2.tgz 0ms (cache hit)
766 http cache resolve-path@https://registry.npmjs.org/resolve-path/-/resolve-path-1.4.0.tgz 0ms (cache hit)
767 http cache koa-send@https://registry.npmjs.org/koa-send/-/koa-send-5.0.1.tgz 0ms (cache hit)
768 http cache tsscmp@https://registry.npmjs.org/tsscmp/-/tsscmp-1.0.6.tgz 0ms (cache hit)
769 http cache dunder-proto@https://registry.npmjs.org/dunder-proto/-/dunder-proto-1.0.1.tgz 0ms (cache hit)
770 http cache co@https://registry.npmjs.org/co/-/co-4.6.0.tgz 0ms (cache hit)
771 http cache math-intrinsics@https://registry.npmjs.org/math-intrinsics/-/math-intrinsics-1.1.0.tgz 0ms (cache hit)
772 http cache has-symbols@https://registry.npmjs.org/has-symbols/-/has-symbols-1.1.0.tgz 0ms (cache hit)
773 http cache gopd@https://registry.npmjs.org/gopd/-/gopd-1.2.0.tgz 0ms (cache hit)
774 http cache get-intrinsic@https://registry.npmjs.org/get-intrinsic/-/get-intrinsic-1.3.0.tgz 0ms (cache hit)
775 http cache es-define-property@https://registry.npmjs.org/es-define-property/-/es-define-property-1.0.1.tgz 0ms (cache hit)
776 http cache call-bind-apply-helpers@https://registry.npmjs.org/call-bind-apply-helpers/-/call-bind-apply-helpers-1.0.2.tgz 0ms (cache hit)
777 http cache es-object-atoms@https://registry.npmjs.org/es-object-atoms/-/es-object-atoms-1.1.2.tgz 0ms (cache hit)
778 http cache safe-regex-test@https://registry.npmjs.org/safe-regex-test/-/safe-regex-test-1.1.0.tgz 0ms (cache hit)
779 http cache has-tostringtag@https://registry.npmjs.org/has-tostringtag/-/has-tostringtag-1.0.2.tgz 0ms (cache hit)
780 http cache get-proto@https://registry.npmjs.org/get-proto/-/get-proto-1.0.1.tgz 0ms (cache hit)
781 http cache call-bound@https://registry.npmjs.org/call-bound/-/call-bound-1.0.4.tgz 0ms (cache hit)
782 http cache deep-equal@https://registry.npmjs.org/deep-equal/-/deep-equal-1.0.1.tgz 0ms (cache hit)
783 http cache keygrip@https://registry.npmjs.org/keygrip/-/keygrip-1.1.0.tgz 0ms (cache hit)
784 http cache generator-function@https://registry.npmjs.org/generator-function/-/generator-function-2.0.1.tgz 0ms (cache hit)
785 http cache ylru@https://registry.npmjs.org/ylru/-/ylru-1.4.0.tgz 0ms (cache hit)
786 http cache negotiator@https://registry.npmjs.org/negotiator/-/negotiator-0.6.3.tgz 0ms (cache hit)
787 http cache vary@https://registry.npmjs.org/vary/-/vary-1.1.2.tgz 0ms (cache hit)
788 http cache only@https://registry.npmjs.org/only/-/only-0.0.2.tgz 0ms (cache hit)
789 http cache koa-convert@https://registry.npmjs.org/koa-convert/-/koa-convert-2.0.0.tgz 0ms (cache hit)
790 http cache type-is@https://registry.npmjs.org/type-is/-/type-is-1.6.18.tgz 0ms (cache hit)
791 http cache is-generator-function@https://registry.npmjs.org/is-generator-function/-/is-generator-function-1.1.2.tgz 0ms (cache hit)
792 http cache http-assert@https://registry.npmjs.org/http-assert/-/http-assert-1.5.0.tgz 0ms (cache hit)
793 http cache destroy@https://registry.npmjs.org/destroy/-/destroy-1.2.0.tgz 0ms (cache hit)
794 http cache cookies@https://registry.npmjs.org/cookies/-/cookies-0.9.1.tgz 0ms (cache hit)
795 http cache delegates@https://registry.npmjs.org/delegates/-/delegates-1.0.0.tgz 0ms (cache hit)
796 http cache content-type@https://registry.npmjs.org/content-type/-/content-type-1.0.5.tgz 0ms (cache hit)
797 http cache content-disposition@https://registry.npmjs.org/content-disposition/-/content-disposition-0.5.4.tgz 0ms (cache hit)
798 http cache cache-content-type@https://registry.npmjs.org/cache-content-type/-/cache-content-type-1.0.1.tgz 0ms (cache hit)
799 http cache accepts@https://registry.npmjs.org/accepts/-/accepts-1.3.8.tgz 0ms (cache hit)
800 http cache universalify@https://registry.npmjs.org/universalify/-/universalify-2.0.1.tgz 0ms (cache hit)
801 http cache jsonfile@https://registry.npmjs.org/jsonfile/-/jsonfile-6.2.1.tgz 1ms (cache hit)
802 http cache at-least-node@https://registry.npmjs.org/at-least-node/-/at-least-node-1.0.0.tgz 0ms (cache hit)
803 http cache methods@https://registry.npmjs.org/methods/-/methods-1.1.2.tgz 0ms (cache hit)
804 http cache path-to-regexp@https://registry.npmjs.org/path-to-regexp/-/path-to-regexp-6.3.0.tgz 0ms (cache hit)
805 http cache koa-compose@https://registry.npmjs.org/koa-compose/-/koa-compose-4.1.0.tgz 0ms (cache hit)
806 http cache replace-in-file@https://registry.npmjs.org/replace-in-file/-/replace-in-file-6.3.5.tgz 0ms (cache hit)
807 http cache portfinder@https://registry.npmjs.org/portfinder/-/portfinder-1.0.38.tgz 0ms (cache hit)
808 http cache koa@https://registry.npmjs.org/koa/-/koa-2.16.4.tgz 0ms (cache hit)
809 http cache koa-static@https://registry.npmjs.org/koa-static/-/koa-static-5.0.0.tgz 0ms (cache hit)
810 http cache fs-extra@https://registry.npmjs.org/fs-extra/-/fs-extra-9.1.0.tgz 0ms (cache hit)
811 http cache @koa/router@https://registry.npmjs.org/@koa/router/-/router-12.0.2.tgz 0ms (cache hit)
812 http cache @csstools/selector-specificity@https://registry.npmjs.org/@csstools/selector-specificity/-/selector-specificity-5.0.0.tgz 0ms (cache hit)
813 http cache tailwindcss@https://registry.npmjs.org/tailwindcss/-/tailwindcss-3.4.19.tgz 0ms (cache hit)
814 http cache @csstools/selector-resolve-nested@https://registry.npmjs.org/@csstools/selector-resolve-nested/-/selector-resolve-nested-3.1.0.tgz 0ms (cache hit)
815 http cache tailwind-config-viewer@https://registry.npmjs.org/tailwind-config-viewer/-/tailwind-config-viewer-2.0.4.tgz 0ms (cache hit)
816 http cache postcss-nesting@https://registry.npmjs.org/postcss-nesting/-/postcss-nesting-13.0.2.tgz 0ms (cache hit)
817 http cache @nuxtjs/tailwindcss@https://registry.npmjs.org/@nuxtjs/tailwindcss/-/tailwindcss-6.14.0.tgz 0ms (cache hit)
818 http cache commander@https://registry.npmjs.org/commander/-/commander-4.1.1.tgz 0ms (cache hit)
819 http cache postcss-selector-parser@https://registry.npmjs.org/postcss-selector-parser/-/postcss-selector-parser-6.1.4.tgz 0ms (cache hit)
820 http cache supports-color@https://registry.npmjs.org/supports-color/-/supports-color-7.2.0.tgz 0ms (cache hit)
821 http cache ansi-styles@https://registry.npmjs.org/ansi-styles/-/ansi-styles-4.3.0.tgz 0ms (cache hit)
822 http cache statuses@https://registry.npmjs.org/statuses/-/statuses-1.5.0.tgz 0ms (cache hit)
823 http cache inherits@https://registry.npmjs.org/inherits/-/inherits-2.0.3.tgz 0ms (cache hit)
824 http cache setprototypeof@https://registry.npmjs.org/setprototypeof/-/setprototypeof-1.1.0.tgz 0ms (cache hit)
825 http cache depd@https://registry.npmjs.org/depd/-/depd-1.1.2.tgz 0ms (cache hit)
826 http cache http-errors@https://registry.npmjs.org/http-errors/-/http-errors-1.6.3.tgz 0ms (cache hit)
827 http cache statuses@https://registry.npmjs.org/statuses/-/statuses-1.5.0.tgz 0ms (cache hit)
828 http cache mime-db@https://registry.npmjs.org/mime-db/-/mime-db-1.52.0.tgz 0ms (cache hit)
829 http cache depd@https://registry.npmjs.org/depd/-/depd-1.1.2.tgz 0ms (cache hit)
830 http cache http-errors@https://registry.npmjs.org/http-errors/-/http-errors-1.8.1.tgz 0ms (cache hit)
831 http cache mime-types@https://registry.npmjs.org/mime-types/-/mime-types-2.1.35.tgz 0ms (cache hit)
832 http cache mime-db@https://registry.npmjs.org/mime-db/-/mime-db-1.52.0.tgz 0ms (cache hit)
833 http cache mime-types@https://registry.npmjs.org/mime-types/-/mime-types-2.1.35.tgz 0ms (cache hit)
834 http cache statuses@https://registry.npmjs.org/statuses/-/statuses-1.5.0.tgz 0ms (cache hit)
835 http cache mime-db@https://registry.npmjs.org/mime-db/-/mime-db-1.52.0.tgz 0ms (cache hit)
836 http cache mime-types@https://registry.npmjs.org/mime-types/-/mime-types-2.1.35.tgz 0ms (cache hit)
837 http cache http-errors@https://registry.npmjs.org/http-errors/-/http-errors-1.8.1.tgz 0ms (cache hit)
838 http cache depd@https://registry.npmjs.org/depd/-/depd-1.1.2.tgz 0ms (cache hit)
839 http cache ansi-styles@https://registry.npmjs.org/ansi-styles/-/ansi-styles-4.3.0.tgz 0ms (cache hit)
840 http cache emoji-regex@https://registry.npmjs.org/emoji-regex/-/emoji-regex-8.0.0.tgz 0ms (cache hit)
841 http cache ansi-regex@https://registry.npmjs.org/ansi-regex/-/ansi-regex-5.0.1.tgz 0ms (cache hit)
842 http cache strip-ansi@https://registry.npmjs.org/strip-ansi/-/strip-ansi-6.0.1.tgz 0ms (cache hit)
843 http cache wrap-ansi@https://registry.npmjs.org/wrap-ansi/-/wrap-ansi-7.0.0.tgz 0ms (cache hit)
844 http cache yargs-parser@https://registry.npmjs.org/yargs-parser/-/yargs-parser-21.1.1.tgz 0ms (cache hit)
845 http cache string-width@https://registry.npmjs.org/string-width/-/string-width-4.2.3.tgz 0ms (cache hit)
846 http cache cliui@https://registry.npmjs.org/cliui/-/cliui-8.0.1.tgz 0ms (cache hit)
847 http cache balanced-match@https://registry.npmjs.org/balanced-match/-/balanced-match-1.0.2.tgz 0ms (cache hit)
848 http cache brace-expansion@https://registry.npmjs.org/brace-expansion/-/brace-expansion-1.1.15.tgz 0ms (cache hit)
849 http cache minimatch@https://registry.npmjs.org/minimatch/-/minimatch-3.1.5.tgz 0ms (cache hit)
850 http cache yargs@https://registry.npmjs.org/yargs/-/yargs-17.7.2.tgz 0ms (cache hit)
851 http cache glob@https://registry.npmjs.org/glob/-/glob-7.2.3.tgz 0ms (cache hit)
852 http cache debug@https://registry.npmjs.org/debug/-/debug-3.2.7.tgz 0ms (cache hit)
853 http cache depd@https://registry.npmjs.org/depd/-/depd-1.1.2.tgz 0ms (cache hit)
854 http cache statuses@https://registry.npmjs.org/statuses/-/statuses-1.5.0.tgz 0ms (cache hit)
855 http cache http-errors@https://registry.npmjs.org/http-errors/-/http-errors-1.8.1.tgz 0ms (cache hit)
856 http cache fresh@https://registry.npmjs.org/fresh/-/fresh-0.5.2.tgz 0ms (cache hit)
857 http cache encodeurl@https://registry.npmjs.org/encodeurl/-/encodeurl-1.0.2.tgz 0ms (cache hit)
858 http cache picomatch@https://registry.npmjs.org/picomatch/-/picomatch-2.3.2.tgz 0ms (cache hit)
859 http cache postcss-selector-parser@https://registry.npmjs.org/postcss-selector-parser/-/postcss-selector-parser-6.1.4.tgz 0ms (cache hit)
860 http cache readdirp@https://registry.npmjs.org/readdirp/-/readdirp-3.6.0.tgz 0ms (cache hit)
861 http cache jiti@https://registry.npmjs.org/jiti/-/jiti-1.21.7.tgz 0ms (cache hit)
862 http cache glob-parent@https://registry.npmjs.org/glob-parent/-/glob-parent-6.0.2.tgz 0ms (cache hit)
863 http cache chokidar@https://registry.npmjs.org/chokidar/-/chokidar-3.6.0.tgz 0ms (cache hit)
864 http cache is-docker@https://registry.npmjs.org/is-docker/-/is-docker-2.2.1.tgz 0ms (cache hit)
865 http cache is-wsl@https://registry.npmjs.org/is-wsl/-/is-wsl-2.2.0.tgz 0ms (cache hit)
866 http cache glob-parent@https://registry.npmjs.org/glob-parent/-/glob-parent-5.1.2.tgz 0ms (cache hit)
867 http cache open@https://registry.npmjs.org/open/-/open-7.4.2.tgz 0ms (cache hit)
868 http cache commander@https://registry.npmjs.org/commander/-/commander-6.2.1.tgz 0ms (cache hit)
869 http cache commander@https://registry.npmjs.org/commander/-/commander-11.1.0.tgz 0ms (cache hit)
870 http cache @nuxt/kit@https://registry.npmjs.org/@nuxt/kit/-/kit-3.21.8.tgz 0ms (cache hit)
871 silly tarball no local data for is-binary-path@https://registry.npmjs.org/is-binary-path/-/is-binary-path-2.1.0.tgz. Extracting by manifest.
872 silly tarball no local data for binary-extensions@https://registry.npmjs.org/binary-extensions/-/binary-extensions-2.3.0.tgz. Extracting by manifest.
873 silly tarball no local data for require-directory@https://registry.npmjs.org/require-directory/-/require-directory-2.1.1.tgz. Extracting by manifest.
874 silly tarball no local data for concat-map@https://registry.npmjs.org/concat-map/-/concat-map-0.0.1.tgz. Extracting by manifest.
875 silly tarball no local data for wrappy@https://registry.npmjs.org/wrappy/-/wrappy-1.0.2.tgz. Extracting by manifest.
876 silly tarball no local data for once@https://registry.npmjs.org/once/-/once-1.4.0.tgz. Extracting by manifest.
877 silly tarball no local data for inflight@https://registry.npmjs.org/inflight/-/inflight-1.0.6.tgz. Extracting by manifest.
878 silly tarball no local data for fs.realpath@https://registry.npmjs.org/fs.realpath/-/fs.realpath-1.0.0.tgz. Extracting by manifest.
879 silly tarball no local data for has-flag@https://registry.npmjs.org/has-flag/-/has-flag-4.0.0.tgz. Extracting by manifest.
880 silly tarball no local data for media-typer@https://registry.npmjs.org/media-typer/-/media-typer-0.3.0.tgz. Extracting by manifest.
881 silly tarball no local data for thenify@https://registry.npmjs.org/thenify/-/thenify-3.3.1.tgz. Extracting by manifest.
882 silly tarball no local data for thenify-all@https://registry.npmjs.org/thenify-all/-/thenify-all-1.6.0.tgz. Extracting by manifest.
883 silly tarball no local data for object-assign@https://registry.npmjs.org/object-assign/-/object-assign-4.1.1.tgz. Extracting by manifest.
884 silly tarball no local data for any-promise@https://registry.npmjs.org/any-promise/-/any-promise-1.3.0.tgz. Extracting by manifest.
885 silly tarball no local data for pirates@https://registry.npmjs.org/pirates/-/pirates-4.0.7.tgz. Extracting by manifest.
886 silly tarball no local data for ts-interface-checker@https://registry.npmjs.org/ts-interface-checker/-/ts-interface-checker-0.1.13.tgz. Extracting by manifest.
887 silly tarball no local data for mz@https://registry.npmjs.org/mz/-/mz-2.7.0.tgz. Extracting by manifest.
888 silly tarball no local data for lines-and-columns@https://registry.npmjs.org/lines-and-columns/-/lines-and-columns-1.2.4.tgz. Extracting by manifest.
889 silly tarball no local data for pify@https://registry.npmjs.org/pify/-/pify-2.3.0.tgz. Extracting by manifest.
890 silly tarball no local data for camelcase-css@https://registry.npmjs.org/camelcase-css/-/camelcase-css-2.0.1.tgz. Extracting by manifest.
891 silly tarball no local data for read-cache@https://registry.npmjs.org/read-cache/-/read-cache-1.0.0.tgz. Extracting by manifest.
892 silly tarball no local data for sucrase@https://registry.npmjs.org/sucrase/-/sucrase-3.35.1.tgz. Extracting by manifest.
893 silly tarball no local data for postcss-load-config@https://registry.npmjs.org/postcss-load-config/-/postcss-load-config-6.0.1.tgz. Extracting by manifest.
894 silly tarball no local data for postcss-nested@https://registry.npmjs.org/postcss-nested/-/postcss-nested-6.2.0.tgz. Extracting by manifest.
895 silly tarball no local data for postcss-js@https://registry.npmjs.org/postcss-js/-/postcss-js-4.1.0.tgz. Extracting by manifest.
896 silly tarball no local data for postcss-import@https://registry.npmjs.org/postcss-import/-/postcss-import-15.1.0.tgz. Extracting by manifest.
897 silly tarball no local data for object-hash@https://registry.npmjs.org/object-hash/-/object-hash-3.0.0.tgz. Extracting by manifest.
898 silly tarball no local data for dlv@https://registry.npmjs.org/dlv/-/dlv-1.1.3.tgz. Extracting by manifest.
899 silly tarball no local data for didyoumean@https://registry.npmjs.org/didyoumean/-/didyoumean-1.2.2.tgz. Extracting by manifest.
900 silly tarball no local data for arg@https://registry.npmjs.org/arg/-/arg-5.0.2.tgz. Extracting by manifest.
901 silly tarball no local data for @alloc/quick-lru@https://registry.npmjs.org/@alloc/quick-lru/-/quick-lru-5.2.0.tgz. Extracting by manifest.
902 silly tarball no local data for is-regex@https://registry.npmjs.org/is-regex/-/is-regex-1.2.1.tgz. Extracting by manifest.
903 silly tarball no local data for path-is-absolute@https://registry.npmjs.org/path-is-absolute/-/path-is-absolute-1.0.1.tgz. Extracting by manifest.
904 silly tarball no local data for chalk@https://registry.npmjs.org/chalk/-/chalk-4.1.2.tgz. Extracting by manifest.
905 silly tarball no local data for resolve-path@https://registry.npmjs.org/resolve-path/-/resolve-path-1.4.0.tgz. Extracting by manifest.
906 silly tarball no local data for koa-send@https://registry.npmjs.org/koa-send/-/koa-send-5.0.1.tgz. Extracting by manifest.
907 silly tarball no local data for tsscmp@https://registry.npmjs.org/tsscmp/-/tsscmp-1.0.6.tgz. Extracting by manifest.
908 silly tarball no local data for dunder-proto@https://registry.npmjs.org/dunder-proto/-/dunder-proto-1.0.1.tgz. Extracting by manifest.
909 silly tarball no local data for co@https://registry.npmjs.org/co/-/co-4.6.0.tgz. Extracting by manifest.
910 silly tarball no local data for math-intrinsics@https://registry.npmjs.org/math-intrinsics/-/math-intrinsics-1.1.0.tgz. Extracting by manifest.
911 silly tarball no local data for has-symbols@https://registry.npmjs.org/has-symbols/-/has-symbols-1.1.0.tgz. Extracting by manifest.
912 silly tarball no local data for gopd@https://registry.npmjs.org/gopd/-/gopd-1.2.0.tgz. Extracting by manifest.
913 silly tarball no local data for get-intrinsic@https://registry.npmjs.org/get-intrinsic/-/get-intrinsic-1.3.0.tgz. Extracting by manifest.
914 silly tarball no local data for es-define-property@https://registry.npmjs.org/es-define-property/-/es-define-property-1.0.1.tgz. Extracting by manifest.
915 silly tarball no local data for call-bind-apply-helpers@https://registry.npmjs.org/call-bind-apply-helpers/-/call-bind-apply-helpers-1.0.2.tgz. Extracting by manifest.
916 silly tarball no local data for es-object-atoms@https://registry.npmjs.org/es-object-atoms/-/es-object-atoms-1.1.2.tgz. Extracting by manifest.
917 silly tarball no local data for safe-regex-test@https://registry.npmjs.org/safe-regex-test/-/safe-regex-test-1.1.0.tgz. Extracting by manifest.
918 silly tarball no local data for has-tostringtag@https://registry.npmjs.org/has-tostringtag/-/has-tostringtag-1.0.2.tgz. Extracting by manifest.
919 silly tarball no local data for get-proto@https://registry.npmjs.org/get-proto/-/get-proto-1.0.1.tgz. Extracting by manifest.
920 silly tarball no local data for call-bound@https://registry.npmjs.org/call-bound/-/call-bound-1.0.4.tgz. Extracting by manifest.
921 silly tarball no local data for deep-equal@https://registry.npmjs.org/deep-equal/-/deep-equal-1.0.1.tgz. Extracting by manifest.
922 silly tarball no local data for keygrip@https://registry.npmjs.org/keygrip/-/keygrip-1.1.0.tgz. Extracting by manifest.
923 silly tarball no local data for generator-function@https://registry.npmjs.org/generator-function/-/generator-function-2.0.1.tgz. Extracting by manifest.
924 silly tarball no local data for ylru@https://registry.npmjs.org/ylru/-/ylru-1.4.0.tgz. Extracting by manifest.
925 silly tarball no local data for negotiator@https://registry.npmjs.org/negotiator/-/negotiator-0.6.3.tgz. Extracting by manifest.
926 silly tarball no local data for vary@https://registry.npmjs.org/vary/-/vary-1.1.2.tgz. Extracting by manifest.
927 silly tarball no local data for only@https://registry.npmjs.org/only/-/only-0.0.2.tgz. Extracting by manifest.
928 silly tarball no local data for koa-convert@https://registry.npmjs.org/koa-convert/-/koa-convert-2.0.0.tgz. Extracting by manifest.
929 silly tarball no local data for type-is@https://registry.npmjs.org/type-is/-/type-is-1.6.18.tgz. Extracting by manifest.
930 silly tarball no local data for is-generator-function@https://registry.npmjs.org/is-generator-function/-/is-generator-function-1.1.2.tgz. Extracting by manifest.
931 silly tarball no local data for http-assert@https://registry.npmjs.org/http-assert/-/http-assert-1.5.0.tgz. Extracting by manifest.
932 silly tarball no local data for destroy@https://registry.npmjs.org/destroy/-/destroy-1.2.0.tgz. Extracting by manifest.
933 silly tarball no local data for cookies@https://registry.npmjs.org/cookies/-/cookies-0.9.1.tgz. Extracting by manifest.
934 silly tarball no local data for delegates@https://registry.npmjs.org/delegates/-/delegates-1.0.0.tgz. Extracting by manifest.
935 silly tarball no local data for content-type@https://registry.npmjs.org/content-type/-/content-type-1.0.5.tgz. Extracting by manifest.
936 silly tarball no local data for content-disposition@https://registry.npmjs.org/content-disposition/-/content-disposition-0.5.4.tgz. Extracting by manifest.
937 silly tarball no local data for cache-content-type@https://registry.npmjs.org/cache-content-type/-/cache-content-type-1.0.1.tgz. Extracting by manifest.
938 silly tarball no local data for accepts@https://registry.npmjs.org/accepts/-/accepts-1.3.8.tgz. Extracting by manifest.
939 silly tarball no local data for universalify@https://registry.npmjs.org/universalify/-/universalify-2.0.1.tgz. Extracting by manifest.
940 silly tarball no local data for jsonfile@https://registry.npmjs.org/jsonfile/-/jsonfile-6.2.1.tgz. Extracting by manifest.
941 silly tarball no local data for at-least-node@https://registry.npmjs.org/at-least-node/-/at-least-node-1.0.0.tgz. Extracting by manifest.
942 silly tarball no local data for methods@https://registry.npmjs.org/methods/-/methods-1.1.2.tgz. Extracting by manifest.
943 silly tarball no local data for path-to-regexp@https://registry.npmjs.org/path-to-regexp/-/path-to-regexp-6.3.0.tgz. Extracting by manifest.
944 silly tarball no local data for koa-compose@https://registry.npmjs.org/koa-compose/-/koa-compose-4.1.0.tgz. Extracting by manifest.
945 silly tarball no local data for replace-in-file@https://registry.npmjs.org/replace-in-file/-/replace-in-file-6.3.5.tgz. Extracting by manifest.
946 silly tarball no local data for portfinder@https://registry.npmjs.org/portfinder/-/portfinder-1.0.38.tgz. Extracting by manifest.
947 silly tarball no local data for koa@https://registry.npmjs.org/koa/-/koa-2.16.4.tgz. Extracting by manifest.
948 silly tarball no local data for koa-static@https://registry.npmjs.org/koa-static/-/koa-static-5.0.0.tgz. Extracting by manifest.
949 silly tarball no local data for fs-extra@https://registry.npmjs.org/fs-extra/-/fs-extra-9.1.0.tgz. Extracting by manifest.
950 silly tarball no local data for @koa/router@https://registry.npmjs.org/@koa/router/-/router-12.0.2.tgz. Extracting by manifest.
951 silly tarball no local data for @csstools/selector-specificity@https://registry.npmjs.org/@csstools/selector-specificity/-/selector-specificity-5.0.0.tgz. Extracting by manifest.
952 silly tarball no local data for tailwindcss@https://registry.npmjs.org/tailwindcss/-/tailwindcss-3.4.19.tgz. Extracting by manifest.
953 silly tarball no local data for @csstools/selector-resolve-nested@https://registry.npmjs.org/@csstools/selector-resolve-nested/-/selector-resolve-nested-3.1.0.tgz. Extracting by manifest.
954 silly tarball no local data for tailwind-config-viewer@https://registry.npmjs.org/tailwind-config-viewer/-/tailwind-config-viewer-2.0.4.tgz. Extracting by manifest.
955 silly tarball no local data for postcss-nesting@https://registry.npmjs.org/postcss-nesting/-/postcss-nesting-13.0.2.tgz. Extracting by manifest.
956 silly tarball no local data for @nuxtjs/tailwindcss@https://registry.npmjs.org/@nuxtjs/tailwindcss/-/tailwindcss-6.14.0.tgz. Extracting by manifest.
957 silly tarball no local data for commander@https://registry.npmjs.org/commander/-/commander-4.1.1.tgz. Extracting by manifest.
958 silly tarball no local data for postcss-selector-parser@https://registry.npmjs.org/postcss-selector-parser/-/postcss-selector-parser-6.1.4.tgz. Extracting by manifest.
959 silly tarball no local data for supports-color@https://registry.npmjs.org/supports-color/-/supports-color-7.2.0.tgz. Extracting by manifest.
960 silly tarball no local data for ansi-styles@https://registry.npmjs.org/ansi-styles/-/ansi-styles-4.3.0.tgz. Extracting by manifest.
961 silly tarball no local data for statuses@https://registry.npmjs.org/statuses/-/statuses-1.5.0.tgz. Extracting by manifest.
962 silly tarball no local data for inherits@https://registry.npmjs.org/inherits/-/inherits-2.0.3.tgz. Extracting by manifest.
963 silly tarball no local data for setprototypeof@https://registry.npmjs.org/setprototypeof/-/setprototypeof-1.1.0.tgz. Extracting by manifest.
964 silly tarball no local data for depd@https://registry.npmjs.org/depd/-/depd-1.1.2.tgz. Extracting by manifest.
965 silly tarball no local data for http-errors@https://registry.npmjs.org/http-errors/-/http-errors-1.6.3.tgz. Extracting by manifest.
966 silly tarball no local data for statuses@https://registry.npmjs.org/statuses/-/statuses-1.5.0.tgz. Extracting by manifest.
967 silly tarball no local data for mime-db@https://registry.npmjs.org/mime-db/-/mime-db-1.52.0.tgz. Extracting by manifest.
968 silly tarball no local data for depd@https://registry.npmjs.org/depd/-/depd-1.1.2.tgz. Extracting by manifest.
969 silly tarball no local data for http-errors@https://registry.npmjs.org/http-errors/-/http-errors-1.8.1.tgz. Extracting by manifest.
970 silly tarball no local data for mime-types@https://registry.npmjs.org/mime-types/-/mime-types-2.1.35.tgz. Extracting by manifest.
971 silly tarball no local data for mime-db@https://registry.npmjs.org/mime-db/-/mime-db-1.52.0.tgz. Extracting by manifest.
972 silly tarball no local data for mime-types@https://registry.npmjs.org/mime-types/-/mime-types-2.1.35.tgz. Extracting by manifest.
973 silly tarball no local data for statuses@https://registry.npmjs.org/statuses/-/statuses-1.5.0.tgz. Extracting by manifest.
974 silly tarball no local data for mime-db@https://registry.npmjs.org/mime-db/-/mime-db-1.52.0.tgz. Extracting by manifest.
975 silly tarball no local data for mime-types@https://registry.npmjs.org/mime-types/-/mime-types-2.1.35.tgz. Extracting by manifest.
976 silly tarball no local data for http-errors@https://registry.npmjs.org/http-errors/-/http-errors-1.8.1.tgz. Extracting by manifest.
977 silly tarball no local data for depd@https://registry.npmjs.org/depd/-/depd-1.1.2.tgz. Extracting by manifest.
978 silly tarball no local data for ansi-styles@https://registry.npmjs.org/ansi-styles/-/ansi-styles-4.3.0.tgz. Extracting by manifest.
979 silly tarball no local data for emoji-regex@https://registry.npmjs.org/emoji-regex/-/emoji-regex-8.0.0.tgz. Extracting by manifest.
980 silly tarball no local data for ansi-regex@https://registry.npmjs.org/ansi-regex/-/ansi-regex-5.0.1.tgz. Extracting by manifest.
981 silly tarball no local data for strip-ansi@https://registry.npmjs.org/strip-ansi/-/strip-ansi-6.0.1.tgz. Extracting by manifest.
982 silly tarball no local data for wrap-ansi@https://registry.npmjs.org/wrap-ansi/-/wrap-ansi-7.0.0.tgz. Extracting by manifest.
983 silly tarball no local data for yargs-parser@https://registry.npmjs.org/yargs-parser/-/yargs-parser-21.1.1.tgz. Extracting by manifest.
984 silly tarball no local data for string-width@https://registry.npmjs.org/string-width/-/string-width-4.2.3.tgz. Extracting by manifest.
985 silly tarball no local data for cliui@https://registry.npmjs.org/cliui/-/cliui-8.0.1.tgz. Extracting by manifest.
986 silly tarball no local data for balanced-match@https://registry.npmjs.org/balanced-match/-/balanced-match-1.0.2.tgz. Extracting by manifest.
987 silly tarball no local data for brace-expansion@https://registry.npmjs.org/brace-expansion/-/brace-expansion-1.1.15.tgz. Extracting by manifest.
988 silly tarball no local data for minimatch@https://registry.npmjs.org/minimatch/-/minimatch-3.1.5.tgz. Extracting by manifest.
989 silly tarball no local data for yargs@https://registry.npmjs.org/yargs/-/yargs-17.7.2.tgz. Extracting by manifest.
990 silly tarball no local data for glob@https://registry.npmjs.org/glob/-/glob-7.2.3.tgz. Extracting by manifest.
991 silly tarball no local data for debug@https://registry.npmjs.org/debug/-/debug-3.2.7.tgz. Extracting by manifest.
992 silly tarball no local data for depd@https://registry.npmjs.org/depd/-/depd-1.1.2.tgz. Extracting by manifest.
993 silly tarball no local data for statuses@https://registry.npmjs.org/statuses/-/statuses-1.5.0.tgz. Extracting by manifest.
994 silly tarball no local data for http-errors@https://registry.npmjs.org/http-errors/-/http-errors-1.8.1.tgz. Extracting by manifest.
995 silly tarball no local data for fresh@https://registry.npmjs.org/fresh/-/fresh-0.5.2.tgz. Extracting by manifest.
996 silly tarball no local data for encodeurl@https://registry.npmjs.org/encodeurl/-/encodeurl-1.0.2.tgz. Extracting by manifest.
997 silly tarball no local data for picomatch@https://registry.npmjs.org/picomatch/-/picomatch-2.3.2.tgz. Extracting by manifest.
998 silly tarball no local data for postcss-selector-parser@https://registry.npmjs.org/postcss-selector-parser/-/postcss-selector-parser-6.1.4.tgz. Extracting by manifest.
999 silly tarball no local data for readdirp@https://registry.npmjs.org/readdirp/-/readdirp-3.6.0.tgz. Extracting by manifest.
1000 silly tarball no local data for jiti@https://registry.npmjs.org/jiti/-/jiti-1.21.7.tgz. Extracting by manifest.
1001 silly tarball no local data for glob-parent@https://registry.npmjs.org/glob-parent/-/glob-parent-6.0.2.tgz. Extracting by manifest.
1002 silly tarball no local data for chokidar@https://registry.npmjs.org/chokidar/-/chokidar-3.6.0.tgz. Extracting by manifest.
1003 silly tarball no local data for is-docker@https://registry.npmjs.org/is-docker/-/is-docker-2.2.1.tgz. Extracting by manifest.
1004 silly tarball no local data for is-wsl@https://registry.npmjs.org/is-wsl/-/is-wsl-2.2.0.tgz. Extracting by manifest.
1005 silly tarball no local data for glob-parent@https://registry.npmjs.org/glob-parent/-/glob-parent-5.1.2.tgz. Extracting by manifest.
1006 silly tarball no local data for open@https://registry.npmjs.org/open/-/open-7.4.2.tgz. Extracting by manifest.
1007 silly tarball no local data for commander@https://registry.npmjs.org/commander/-/commander-6.2.1.tgz. Extracting by manifest.
1008 silly tarball no local data for commander@https://registry.npmjs.org/commander/-/commander-11.1.0.tgz. Extracting by manifest.
1009 silly tarball no local data for @nuxt/kit@https://registry.npmjs.org/@nuxt/kit/-/kit-3.21.8.tgz. Extracting by manifest.
1010 http fetch GET 200 https://registry.npmjs.org/has-flag/-/has-flag-4.0.0.tgz 144ms (cache miss)
1011 http fetch GET 200 https://registry.npmjs.org/is-binary-path/-/is-binary-path-2.1.0.tgz 150ms (cache miss)
1012 http fetch GET 200 https://registry.npmjs.org/wrappy/-/wrappy-1.0.2.tgz 147ms (cache miss)
1013 http fetch GET 200 https://registry.npmjs.org/media-typer/-/media-typer-0.3.0.tgz 146ms (cache miss)
1014 http fetch GET 200 https://registry.npmjs.org/fs.realpath/-/fs.realpath-1.0.0.tgz 147ms (cache miss)
1015 http fetch GET 200 https://registry.npmjs.org/concat-map/-/concat-map-0.0.1.tgz 149ms (cache miss)
1016 http fetch GET 200 https://registry.npmjs.org/once/-/once-1.4.0.tgz 150ms (cache miss)
1017 http fetch GET 200 https://registry.npmjs.org/binary-extensions/-/binary-extensions-2.3.0.tgz 153ms (cache miss)
1018 http fetch GET 200 https://registry.npmjs.org/inflight/-/inflight-1.0.6.tgz 153ms (cache miss)
1019 warn deprecated inflight@1.0.6: This module is not supported, and leaks memory. Do not use it. Check out lru-cache if you want a good and tested way to coalesce async requests by a key value, which is much more comprehensive and powerful.
1020 http fetch GET 200 https://registry.npmjs.org/require-directory/-/require-directory-2.1.1.tgz 170ms (cache miss)
1021 http fetch POST 200 https://registry.npmjs.org/-/npm/v1/security/advisories/bulk 241ms
1022 silly audit report {
1022 silly audit report   esbuild: [
1022 silly audit report     {
1022 silly audit report       id: 1120679,
1022 silly audit report       url: 'https://github.com/advisories/GHSA-gv7w-rqvm-qjhr',
1022 silly audit report       title: 'esbuild: Missing binary integrity verification in Deno module enables remote code execution via NPM_CONFIG_REGISTRY',
1022 silly audit report       severity: 'high',
1022 silly audit report       vulnerable_versions: '>=0.17.0 <0.28.1',
1022 silly audit report       cwe: [Array],
1022 silly audit report       cvss: [Object]
1022 silly audit report     },
1022 silly audit report     {
1022 silly audit report       id: 1120680,
1022 silly audit report       url: 'https://github.com/advisories/GHSA-g7r4-m6w7-qqqr',
1022 silly audit report       title: 'esbuild allows arbitrary file read when running the development server on Windows',
1022 silly audit report       severity: 'low',
1022 silly audit report       vulnerable_versions: '>=0.27.3 <0.28.1',
1022 silly audit report       cwe: [Array],
1022 silly audit report       cvss: [Object]
1022 silly audit report     }
1022 silly audit report   ]
1022 silly audit report }
1023 silly packumentCache corgi:https://registry.npmjs.org/esbuild cache-miss
1024 http fetch GET 200 https://registry.npmjs.org/pirates/-/pirates-4.0.7.tgz 200ms (cache miss)
1025 http fetch GET 200 https://registry.npmjs.org/mz/-/mz-2.7.0.tgz 200ms (cache miss)
1026 http fetch GET 200 https://registry.npmjs.org/camelcase-css/-/camelcase-css-2.0.1.tgz 200ms (cache miss)
1027 http fetch GET 200 https://registry.npmjs.org/lines-and-columns/-/lines-and-columns-1.2.4.tgz 202ms (cache miss)
1028 http fetch GET 200 https://registry.npmjs.org/read-cache/-/read-cache-1.0.0.tgz 203ms (cache miss)
1029 http fetch GET 200 https://registry.npmjs.org/postcss-load-config/-/postcss-load-config-6.0.1.tgz 203ms (cache miss)
1030 http fetch GET 200 https://registry.npmjs.org/pify/-/pify-2.3.0.tgz 206ms (cache miss)
1031 http fetch GET 200 https://registry.npmjs.org/postcss-nested/-/postcss-nested-6.2.0.tgz 208ms (cache miss)
1032 http fetch GET 200 https://registry.npmjs.org/postcss-js/-/postcss-js-4.1.0.tgz 211ms (cache miss)
1033 http fetch GET 200 https://registry.npmjs.org/ts-interface-checker/-/ts-interface-checker-0.1.13.tgz 241ms (cache miss)
1034 http fetch GET 200 https://registry.npmjs.org/arg/-/arg-5.0.2.tgz 240ms (cache miss)
1035 http fetch GET 200 https://registry.npmjs.org/dlv/-/dlv-1.1.3.tgz 241ms (cache miss)
1036 http fetch GET 200 https://registry.npmjs.org/thenify-all/-/thenify-all-1.6.0.tgz 250ms (cache miss)
1037 http fetch GET 200 https://registry.npmjs.org/postcss-import/-/postcss-import-15.1.0.tgz 244ms (cache miss)
1038 http fetch GET 200 https://registry.npmjs.org/didyoumean/-/didyoumean-1.2.2.tgz 247ms (cache miss)
1039 http fetch GET 200 https://registry.npmjs.org/is-regex/-/is-regex-1.2.1.tgz 245ms (cache miss)
1040 http fetch GET 200 https://registry.npmjs.org/thenify/-/thenify-3.3.1.tgz 255ms (cache miss)
1041 http fetch GET 200 https://registry.npmjs.org/object-hash/-/object-hash-3.0.0.tgz 252ms (cache miss)
1042 http fetch GET 200 https://registry.npmjs.org/object-assign/-/object-assign-4.1.1.tgz 261ms (cache miss)
1043 http fetch GET 200 https://registry.npmjs.org/path-is-absolute/-/path-is-absolute-1.0.1.tgz 255ms (cache miss)
1044 http fetch GET 200 https://registry.npmjs.org/chalk/-/chalk-4.1.2.tgz 257ms (cache miss)
1045 http fetch GET 200 https://registry.npmjs.org/resolve-path/-/resolve-path-1.4.0.tgz 277ms (cache miss)
1046 http fetch GET 200 https://registry.npmjs.org/@alloc/quick-lru/-/quick-lru-5.2.0.tgz 280ms (cache miss)
1047 http fetch GET 200 https://registry.npmjs.org/tsscmp/-/tsscmp-1.0.6.tgz 278ms (cache miss)
1048 http fetch GET 200 https://registry.npmjs.org/co/-/co-4.6.0.tgz 279ms (cache miss)
1049 http fetch GET 200 https://registry.npmjs.org/es-define-property/-/es-define-property-1.0.1.tgz 293ms (cache miss)
1050 http fetch GET 200 https://registry.npmjs.org/has-symbols/-/has-symbols-1.1.0.tgz 304ms (cache miss)
1051 http fetch GET 200 https://registry.npmjs.org/koa-send/-/koa-send-5.0.1.tgz 315ms (cache miss)
1052 http fetch GET 200 https://registry.npmjs.org/call-bind-apply-helpers/-/call-bind-apply-helpers-1.0.2.tgz 313ms (cache miss)
1053 http fetch GET 200 https://registry.npmjs.org/safe-regex-test/-/safe-regex-test-1.1.0.tgz 324ms (cache miss)
1054 http fetch GET 200 https://registry.npmjs.org/has-tostringtag/-/has-tostringtag-1.0.2.tgz 327ms (cache miss)
1055 http fetch GET 200 https://registry.npmjs.org/keygrip/-/keygrip-1.1.0.tgz 326ms (cache miss)
1056 http fetch GET 200 https://registry.npmjs.org/get-proto/-/get-proto-1.0.1.tgz 329ms (cache miss)
1057 http fetch GET 200 https://registry.npmjs.org/call-bound/-/call-bound-1.0.4.tgz 331ms (cache miss)
1058 http fetch GET 200 https://registry.npmjs.org/ylru/-/ylru-1.4.0.tgz 344ms (cache miss)
1059 http fetch GET 200 https://registry.npmjs.org/gopd/-/gopd-1.2.0.tgz 416ms (cache miss)
1060 http fetch GET 200 https://registry.npmjs.org/deep-equal/-/deep-equal-1.0.1.tgz 421ms (cache miss)
1061 http fetch GET 200 https://registry.npmjs.org/type-is/-/type-is-1.6.18.tgz 439ms (cache miss)
1062 http fetch GET 200 https://registry.npmjs.org/content-disposition/-/content-disposition-0.5.4.tgz 437ms (cache miss)
1063 http fetch GET 200 https://registry.npmjs.org/cookies/-/cookies-0.9.1.tgz 439ms (cache miss)
1064 http fetch GET 200 https://registry.npmjs.org/vary/-/vary-1.1.2.tgz 443ms (cache miss)
1065 http fetch GET 200 https://registry.npmjs.org/destroy/-/destroy-1.2.0.tgz 443ms (cache miss)
1066 http fetch GET 200 https://registry.npmjs.org/only/-/only-0.0.2.tgz 446ms (cache miss)
1067 http fetch GET 200 https://registry.npmjs.org/cache-content-type/-/cache-content-type-1.0.1.tgz 445ms (cache miss)
1068 http fetch GET 200 https://registry.npmjs.org/get-intrinsic/-/get-intrinsic-1.3.0.tgz 457ms (cache miss)
1069 http fetch GET 200 https://registry.npmjs.org/jsonfile/-/jsonfile-6.2.1.tgz 450ms (cache miss)
1070 http fetch GET 200 https://registry.npmjs.org/content-type/-/content-type-1.0.5.tgz 454ms (cache miss)
1071 http fetch GET 200 https://registry.npmjs.org/koa-convert/-/koa-convert-2.0.0.tgz 461ms (cache miss)
1072 http fetch GET 200 https://registry.npmjs.org/http-assert/-/http-assert-1.5.0.tgz 462ms (cache miss)
1073 http fetch GET 200 https://registry.npmjs.org/delegates/-/delegates-1.0.0.tgz 465ms (cache miss)
1074 http fetch GET 200 https://registry.npmjs.org/at-least-node/-/at-least-node-1.0.0.tgz 478ms (cache miss)
1075 http fetch GET 200 https://registry.npmjs.org/universalify/-/universalify-2.0.1.tgz 479ms (cache miss)
1076 http fetch GET 200 https://registry.npmjs.org/dunder-proto/-/dunder-proto-1.0.1.tgz 493ms (cache miss)
1077 http fetch GET 200 https://registry.npmjs.org/es-object-atoms/-/es-object-atoms-1.1.2.tgz 499ms (cache miss)
1078 http fetch GET 200 https://registry.npmjs.org/koa-static/-/koa-static-5.0.0.tgz 489ms (cache miss)
1079 http fetch GET 200 https://registry.npmjs.org/portfinder/-/portfinder-1.0.38.tgz 510ms (cache miss)
1080 http fetch GET 200 https://registry.npmjs.org/koa-compose/-/koa-compose-4.1.0.tgz 513ms (cache miss)
1081 http fetch GET 200 https://registry.npmjs.org/postcss-nesting/-/postcss-nesting-13.0.2.tgz 527ms (cache miss)
1082 http fetch GET 200 https://registry.npmjs.org/accepts/-/accepts-1.3.8.tgz 536ms (cache miss)
1083 http fetch GET 200 https://registry.npmjs.org/@csstools/selector-resolve-nested/-/selector-resolve-nested-3.1.0.tgz 539ms (cache miss)
1084 http fetch GET 200 https://registry.npmjs.org/supports-color/-/supports-color-7.2.0.tgz 541ms (cache miss)
1085 http fetch GET 200 https://registry.npmjs.org/inherits/-/inherits-2.0.3.tgz 543ms (cache miss)
1086 http fetch GET 200 https://registry.npmjs.org/setprototypeof/-/setprototypeof-1.1.0.tgz 544ms (cache miss)
1087 http fetch GET 200 https://registry.npmjs.org/statuses/-/statuses-1.5.0.tgz 554ms (cache miss)
1088 http fetch GET 200 https://registry.npmjs.org/negotiator/-/negotiator-0.6.3.tgz 575ms (cache miss)
1089 http fetch GET 200 https://registry.npmjs.org/statuses/-/statuses-1.5.0.tgz 566ms (cache miss)
1090 http fetch GET 200 https://registry.npmjs.org/koa/-/koa-2.16.4.tgz 586ms (cache miss)
1091 http fetch GET 200 https://registry.npmjs.org/path-to-regexp/-/path-to-regexp-6.3.0.tgz 588ms (cache miss)
1092 http fetch GET 200 https://registry.npmjs.org/depd/-/depd-1.1.2.tgz 581ms (cache miss)
1093 http fetch GET 200 https://registry.npmjs.org/generator-function/-/generator-function-2.0.1.tgz 601ms (cache miss)
1094 http fetch GET 200 https://registry.npmjs.org/mime-types/-/mime-types-2.1.35.tgz 584ms (cache miss)
1095 http fetch GET 200 https://registry.npmjs.org/http-errors/-/http-errors-1.6.3.tgz 587ms (cache miss)
1096 http fetch GET 200 https://registry.npmjs.org/any-promise/-/any-promise-1.3.0.tgz 625ms (cache miss)
1097 http fetch GET 200 https://registry.npmjs.org/mime-types/-/mime-types-2.1.35.tgz 601ms (cache miss)
1098 http fetch GET 200 https://registry.npmjs.org/http-errors/-/http-errors-1.8.1.tgz 602ms (cache miss)
1099 http fetch GET 200 https://registry.npmjs.org/@koa/router/-/router-12.0.2.tgz 619ms (cache miss)
1100 http fetch GET 200 https://registry.npmjs.org/ansi-styles/-/ansi-styles-4.3.0.tgz 619ms (cache miss)
1101 http fetch GET 200 https://registry.npmjs.org/statuses/-/statuses-1.5.0.tgz 615ms (cache miss)
1102 warn deprecated @koa/router@12.0.2: Please upgrade to v15 or higher. All reported bugs in this version are fixed in newer releases, dependencies have been updated, and security has been improved.
1103 http fetch GET 200 https://registry.npmjs.org/@csstools/selector-specificity/-/selector-specificity-5.0.0.tgz 635ms (cache miss)
1104 http fetch GET 200 https://registry.npmjs.org/is-generator-function/-/is-generator-function-1.1.2.tgz 651ms (cache miss)
1105 http fetch GET 200 https://registry.npmjs.org/ansi-styles/-/ansi-styles-4.3.0.tgz 634ms (cache miss)
1106 http fetch GET 200 https://registry.npmjs.org/http-errors/-/http-errors-1.8.1.tgz 656ms (cache miss)
1107 http fetch GET 200 https://registry.npmjs.org/ansi-regex/-/ansi-regex-5.0.1.tgz 655ms (cache miss)
1108 http fetch GET 200 https://registry.npmjs.org/emoji-regex/-/emoji-regex-8.0.0.tgz 660ms (cache miss)
1109 http fetch GET 200 https://registry.npmjs.org/strip-ansi/-/strip-ansi-6.0.1.tgz 665ms (cache miss)
1110 http fetch GET 200 https://registry.npmjs.org/wrap-ansi/-/wrap-ansi-7.0.0.tgz 703ms (cache miss)
1111 http fetch GET 200 https://registry.npmjs.org/string-width/-/string-width-4.2.3.tgz 707ms (cache miss)
1112 http fetch GET 200 https://registry.npmjs.org/cliui/-/cliui-8.0.1.tgz 728ms (cache miss)
1113 http fetch GET 200 https://registry.npmjs.org/mime-db/-/mime-db-1.52.0.tgz 772ms (cache miss)
1114 http fetch GET 200 https://registry.npmjs.org/balanced-match/-/balanced-match-1.0.2.tgz 773ms (cache miss)
1115 http fetch GET 200 https://registry.npmjs.org/mime-db/-/mime-db-1.52.0.tgz 864ms (cache miss)
1116 http fetch GET 200 https://registry.npmjs.org/minimatch/-/minimatch-3.1.5.tgz 859ms (cache miss)
1117 http fetch GET 200 https://registry.npmjs.org/mime-types/-/mime-types-2.1.35.tgz 872ms (cache miss)
1118 http fetch GET 200 https://registry.npmjs.org/commander/-/commander-4.1.1.tgz 884ms (cache miss)
1119 http fetch GET 200 https://registry.npmjs.org/http-errors/-/http-errors-1.8.1.tgz 881ms (cache miss)
1120 http fetch GET 200 https://registry.npmjs.org/brace-expansion/-/brace-expansion-1.1.15.tgz 885ms (cache miss)
1121 http fetch GET 200 https://registry.npmjs.org/statuses/-/statuses-1.5.0.tgz 887ms (cache miss)
1122 http fetch GET 200 https://registry.npmjs.org/fresh/-/fresh-0.5.2.tgz 901ms (cache miss)
1123 http fetch GET 200 https://registry.npmjs.org/glob/-/glob-7.2.3.tgz 903ms (cache miss)
1124 http fetch GET 200 https://registry.npmjs.org/depd/-/depd-1.1.2.tgz 915ms (cache miss)
1125 http fetch GET 200 https://registry.npmjs.org/readdirp/-/readdirp-3.6.0.tgz 912ms (cache miss)
1126 http fetch GET 200 https://registry.npmjs.org/encodeurl/-/encodeurl-1.0.2.tgz 915ms (cache miss)
1127 http fetch GET 200 https://registry.npmjs.org/open/-/open-7.4.2.tgz 912ms (cache miss)
1128 http fetch GET 200 https://registry.npmjs.org/glob-parent/-/glob-parent-5.1.2.tgz 914ms (cache miss)
1129 http fetch GET 200 https://registry.npmjs.org/is-docker/-/is-docker-2.2.1.tgz 915ms (cache miss)
1130 http fetch GET 200 https://registry.npmjs.org/is-wsl/-/is-wsl-2.2.0.tgz 916ms (cache miss)
1131 http fetch GET 200 https://registry.npmjs.org/mime-db/-/mime-db-1.52.0.tgz 929ms (cache miss)
1132 http fetch GET 200 https://registry.npmjs.org/glob-parent/-/glob-parent-6.0.2.tgz 921ms (cache miss)
1133 warn deprecated glob@7.2.3: Old versions of glob are not supported, and contain widely publicized security vulnerabilities, which have been fixed in the current version. Please update. Support for old versions may be purchased (at exorbitant rates) by contacting i@izs.me
1134 http fetch GET 200 https://registry.npmjs.org/depd/-/depd-1.1.2.tgz 935ms (cache miss)
1135 http fetch GET 200 https://registry.npmjs.org/math-intrinsics/-/math-intrinsics-1.1.0.tgz 967ms (cache miss)
1136 http fetch GET 200 https://registry.npmjs.org/commander/-/commander-6.2.1.tgz 938ms (cache miss)
1137 http fetch GET 200 https://registry.npmjs.org/depd/-/depd-1.1.2.tgz 949ms (cache miss)
1138 http fetch GET 200 https://registry.npmjs.org/chokidar/-/chokidar-3.6.0.tgz 946ms (cache miss)
1139 http fetch GET 200 https://registry.npmjs.org/@nuxt/kit/-/kit-3.21.8.tgz 944ms (cache miss)
1140 http fetch GET 200 https://registry.npmjs.org/picomatch/-/picomatch-2.3.2.tgz 950ms (cache miss)
1141 http fetch GET 200 https://registry.npmjs.org/yargs-parser/-/yargs-parser-21.1.1.tgz 962ms (cache miss)
1142 http fetch GET 200 https://registry.npmjs.org/debug/-/debug-3.2.7.tgz 965ms (cache miss)
1143 http fetch GET 200 https://registry.npmjs.org/commander/-/commander-11.1.0.tgz 971ms (cache miss)
1144 http fetch GET 200 https://registry.npmjs.org/esbuild 843ms (cache miss)
1145 silly packumentCache corgi:https://registry.npmjs.org/esbuild set size:undefined disposed:false
1146 silly packumentCache corgi:https://registry.npmjs.org/vite cache-miss
1147 http fetch GET 200 https://registry.npmjs.org/tailwind-config-viewer/-/tailwind-config-viewer-2.0.4.tgz 1029ms (cache miss)
1148 http fetch GET 200 https://registry.npmjs.org/replace-in-file/-/replace-in-file-6.3.5.tgz 1034ms (cache miss)
1149 http fetch GET 200 https://registry.npmjs.org/fs-extra/-/fs-extra-9.1.0.tgz 1047ms (cache miss)
1150 http fetch GET 200 https://registry.npmjs.org/@nuxtjs/tailwindcss/-/tailwindcss-6.14.0.tgz 1046ms (cache miss)
1151 http fetch GET 200 https://registry.npmjs.org/jiti/-/jiti-1.21.7.tgz 1031ms (cache miss)
1152 http fetch GET 200 https://registry.npmjs.org/postcss-selector-parser/-/postcss-selector-parser-6.1.4.tgz 1054ms (cache miss)
1153 http fetch GET 200 https://registry.npmjs.org/postcss-selector-parser/-/postcss-selector-parser-6.1.4.tgz 1046ms (cache miss)
1154 http fetch GET 200 https://registry.npmjs.org/yargs/-/yargs-17.7.2.tgz 1073ms (cache miss)
1155 http fetch GET 200 https://registry.npmjs.org/vite 205ms (cache miss)
1156 silly packumentCache corgi:https://registry.npmjs.org/vite set size:undefined disposed:false
1157 silly packumentCache corgi:https://registry.npmjs.org/@nuxt%2fvite-builder cache-miss
1158 silly packumentCache corgi:https://registry.npmjs.org/vite-node cache-miss
1159 http fetch GET 200 https://registry.npmjs.org/sucrase/-/sucrase-3.35.1.tgz 1356ms (cache miss)
1160 http fetch GET 200 https://registry.npmjs.org/tailwindcss/-/tailwindcss-3.4.19.tgz 1379ms (cache miss)
1161 http fetch GET 200 https://registry.npmjs.org/vite-node 112ms (cache miss)
1162 silly packumentCache corgi:https://registry.npmjs.org/vite-node set size:undefined disposed:false
1163 http fetch GET 200 https://registry.npmjs.org/@nuxt%2fvite-builder 264ms (cache miss)
1164 silly packumentCache corgi:https://registry.npmjs.org/@nuxt%2fvite-builder set size:undefined disposed:false
1165 silly packumentCache corgi:https://registry.npmjs.org/nuxt cache-miss
1166 http fetch GET 200 https://registry.npmjs.org/nuxt 101ms (cache miss)
1167 silly packumentCache corgi:https://registry.npmjs.org/nuxt set size:undefined disposed:false
1168 silly packumentCache corgi:https://registry.npmjs.org/@nuxt%2fnitro-server cache-miss
1169 http fetch GET 200 https://registry.npmjs.org/@nuxt%2fnitro-server 460ms (cache miss)
1170 silly packumentCache corgi:https://registry.npmjs.org/@nuxt%2fnitro-server set size:undefined disposed:false
1171 http fetch GET 200 https://registry.npmjs.org/methods/-/methods-1.1.2.tgz 4436ms (cache miss)
1172 silly ADD node_modules/binary-extensions
1173 silly ADD node_modules/is-binary-path
1174 silly ADD node_modules/require-directory
1175 silly ADD node_modules/concat-map
1176 silly ADD node_modules/wrappy
1177 silly ADD node_modules/once
1178 silly ADD node_modules/inflight
1179 silly ADD node_modules/fs.realpath
1180 silly ADD node_modules/has-flag
1181 silly ADD node_modules/media-typer
1182 silly ADD node_modules/thenify
1183 silly ADD node_modules/thenify-all
1184 silly ADD node_modules/object-assign
1185 silly ADD node_modules/any-promise
1186 silly ADD node_modules/ts-interface-checker
1187 silly ADD node_modules/pirates
1188 silly ADD node_modules/mz
1189 silly ADD node_modules/lines-and-columns
1190 silly ADD node_modules/pify
1191 silly ADD node_modules/camelcase-css
1192 silly ADD node_modules/read-cache
1193 silly ADD node_modules/sucrase
1194 silly ADD node_modules/sucrase/node_modules/commander
1195 silly ADD node_modules/postcss-nested
1196 silly ADD node_modules/postcss-nested/node_modules/postcss-selector-parser
1197 silly ADD node_modules/postcss-load-config
1198 silly ADD node_modules/postcss-js
1199 silly ADD node_modules/postcss-import
1200 silly ADD node_modules/object-hash
1201 silly ADD node_modules/dlv
1202 silly ADD node_modules/didyoumean
1203 silly ADD node_modules/arg
1204 silly ADD node_modules/@alloc/quick-lru
1205 silly ADD node_modules/is-regex
1206 silly ADD node_modules/path-is-absolute
1207 silly ADD node_modules/chalk
1208 silly ADD node_modules/chalk/node_modules/supports-color
1209 silly ADD node_modules/chalk/node_modules/ansi-styles
1210 silly ADD node_modules/resolve-path
1211 silly ADD node_modules/resolve-path/node_modules/statuses
1212 silly ADD node_modules/resolve-path/node_modules/setprototypeof
1213 silly ADD node_modules/resolve-path/node_modules/inherits
1214 silly ADD node_modules/resolve-path/node_modules/depd
1215 silly ADD node_modules/resolve-path/node_modules/http-errors
1216 silly ADD node_modules/koa-send
1217 silly ADD node_modules/koa-send/node_modules/statuses
1218 silly ADD node_modules/koa-send/node_modules/depd
1219 silly ADD node_modules/koa-send/node_modules/http-errors
1220 silly ADD node_modules/co
1221 silly ADD node_modules/tsscmp
1222 silly ADD node_modules/dunder-proto
1223 silly ADD node_modules/math-intrinsics
1224 silly ADD node_modules/has-symbols
1225 silly ADD node_modules/gopd
1226 silly ADD node_modules/es-object-atoms
1227 silly ADD node_modules/es-define-property
1228 silly ADD node_modules/get-intrinsic
1229 silly ADD node_modules/call-bind-apply-helpers
1230 silly ADD node_modules/safe-regex-test
1231 silly ADD node_modules/has-tostringtag
1232 silly ADD node_modules/get-proto
1233 silly ADD node_modules/generator-function
1234 silly ADD node_modules/call-bound
1235 silly ADD node_modules/deep-equal
1236 silly ADD node_modules/keygrip
1237 silly ADD node_modules/ylru
1238 silly ADD node_modules/negotiator
1239 silly ADD node_modules/vary
1240 silly ADD node_modules/type-is
1241 silly ADD node_modules/type-is/node_modules/mime-db
1242 silly ADD node_modules/type-is/node_modules/mime-types
1243 silly ADD node_modules/only
1244 silly ADD node_modules/koa-convert
1245 silly ADD node_modules/is-generator-function
1246 silly ADD node_modules/http-assert
1247 silly ADD node_modules/http-assert/node_modules/statuses
1248 silly ADD node_modules/http-assert/node_modules/depd
1249 silly ADD node_modules/http-assert/node_modules/http-errors
1250 silly ADD node_modules/destroy
1251 silly ADD node_modules/delegates
1252 silly ADD node_modules/cookies
1253 silly ADD node_modules/content-type
1254 silly ADD node_modules/content-disposition
1255 silly ADD node_modules/cache-content-type
1256 silly ADD node_modules/cache-content-type/node_modules/mime-db
1257 silly ADD node_modules/cache-content-type/node_modules/mime-types
1258 silly ADD node_modules/accepts
1259 silly ADD node_modules/accepts/node_modules/mime-db
1260 silly ADD node_modules/accepts/node_modules/mime-types
1261 silly ADD node_modules/universalify
1262 silly ADD node_modules/jsonfile
1263 silly ADD node_modules/at-least-node
1264 silly ADD node_modules/path-to-regexp
1265 silly ADD node_modules/methods
1266 silly ADD node_modules/koa-compose
1267 silly ADD node_modules/replace-in-file
1268 silly ADD node_modules/replace-in-file/node_modules/ansi-styles
1269 silly ADD node_modules/replace-in-file/node_modules/ansi-regex
1270 silly ADD node_modules/replace-in-file/node_modules/emoji-regex
1271 silly ADD node_modules/replace-in-file/node_modules/wrap-ansi
1272 silly ADD node_modules/replace-in-file/node_modules/strip-ansi
1273 silly ADD node_modules/replace-in-file/node_modules/yargs-parser
1274 silly ADD node_modules/replace-in-file/node_modules/string-width
1275 silly ADD node_modules/replace-in-file/node_modules/cliui
1276 silly ADD node_modules/replace-in-file/node_modules/balanced-match
1277 silly ADD node_modules/replace-in-file/node_modules/brace-expansion
1278 silly ADD node_modules/replace-in-file/node_modules/minimatch
1279 silly ADD node_modules/replace-in-file/node_modules/yargs
1280 silly ADD node_modules/replace-in-file/node_modules/glob
1281 silly ADD node_modules/portfinder
1282 silly ADD node_modules/koa-static
1283 silly ADD node_modules/koa-static/node_modules/debug
1284 silly ADD node_modules/koa
1285 silly ADD node_modules/koa/node_modules/statuses
1286 silly ADD node_modules/koa/node_modules/http-errors
1287 silly ADD node_modules/koa/node_modules/http-errors/node_modules/depd
1288 silly ADD node_modules/koa/node_modules/fresh
1289 silly ADD node_modules/koa/node_modules/encodeurl
1290 silly ADD node_modules/fs-extra
1291 silly ADD node_modules/@koa/router
1292 silly ADD node_modules/@csstools/selector-specificity
1293 silly ADD node_modules/@csstools/selector-resolve-nested
1294 silly ADD node_modules/tailwindcss
1295 silly ADD node_modules/tailwindcss/node_modules/picomatch
1296 silly ADD node_modules/tailwindcss/node_modules/readdirp
1297 silly ADD node_modules/tailwindcss/node_modules/postcss-selector-parser
1298 silly ADD node_modules/tailwindcss/node_modules/jiti
1299 silly ADD node_modules/tailwindcss/node_modules/glob-parent
1300 silly ADD node_modules/tailwindcss/node_modules/chokidar
1301 silly ADD node_modules/tailwindcss/node_modules/chokidar/node_modules/glob-parent
1302 silly ADD node_modules/tailwind-config-viewer
1303 silly ADD node_modules/tailwind-config-viewer/node_modules/is-wsl
1304 silly ADD node_modules/tailwind-config-viewer/node_modules/is-docker
1305 silly ADD node_modules/tailwind-config-viewer/node_modules/open
1306 silly ADD node_modules/tailwind-config-viewer/node_modules/commander
1307 silly ADD node_modules/postcss-nesting
1308 silly ADD node_modules/@nuxtjs/tailwindcss
1309 silly ADD node_modules/@nuxtjs/tailwindcss/node_modules/@nuxt/kit
1310 silly ADD node_modules/svgo/node_modules/commander
1311 silly REMOVE node_modules/commander
1312 verbose cwd D:\laragon\skripsi\Crowdfunding\Crowdfunding-Frontend
1313 verbose os Windows_NT 10.0.22631
1314 verbose node v24.14.0
1315 verbose npm  v11.9.0
1316 notice
1316 notice New minor version of npm available! 11.9.0 -> 11.17.0
1316 notice Changelog: https://github.com/npm/cli/releases/tag/v11.17.0
1316 notice To update run: npm install -g npm@11.17.0
1316 notice  { force: true, Symbol(proc-log.meta): true }
1317 verbose exit 0
1318 info ok
